Workbook

Sheet Dashboard-Site Prep.
A22: No. | B22: Tasks | C22: % Complete | D22: Status
A23: HQ | B23: New AP Cabling > | C23: ='HQ-WL'!N118/'HQ-WL'!M118 -> 1 | D23: ="ทั้งหมด " &'HQ-WL'!M118 & " จุด - Completed" -> ทั้งหมด 17 จุด - Completed
B24: Electrical System > | C24: ='HQ-PW'!O33/'HQ-PW'!B33 -> 1 | D24: ="ทั้งหมด " &'HQ-PW'!B33 & " จุด - Completed" -> ทั้งหมด 31 จุด - Completed
A25: SVB | B25: New AP Cabling > | C25: ='SVB-WL'!G80/'SVB-WL'!F80 -> 0.97435897 | D25: ="ทั้งหมด "&'SVB-WL'!F80 & " จุด" -> ทั้งหมด 156 จุด
B26: Electrical System > | C26: ='SVB-PW'!Y98/'SVB-PW'!B98 -> 1 | D26: ="ทั้งหมด " &'SVB-PW'!B98 & " จุด - Completed" -> ทั้งหมด 96 จุด - Completed
A27: HKT | B27: New AP Cabling > | C27: ='HKT-WL'!G46/'HKT-WL'!F46 -> 1 | D27: ="ทั้งหมด " &'HKT-WL'!F46 & " จุด - Completed" -> ทั้งหมด 15 จุด - Completed
B28: Electrical System > | C28: ='HKT-PW'!O58/'HKT-PW'!B58 -> 1 | D28: ="ทั้งหมด " &'HKT-PW'!B58 & " จุด - Completed" -> ทั้งหมด 56 จุด - Completed
A29: CNX | B29: New AP Cabling > | C29: 1 | D29: ="ทั้งหมด " &'CNX-WL'!F44 & " จุด - Completed" -> ทั้งหมด 0 จุด - Completed
B30: Electrical System > | C30: ='CNX-PW'!O12/'CNX-PW'!B12 -> 1 | D30: ="ทั้งหมด " &'CNX-PW'!B12 & " จุด - Completed" -> ทั้งหมด 10 จุด - Completed
A31: HDY | B31: New AP Cabling > | C31: ='HDY-WL'!G44/'HDY-WL'!F44 -> 1 | D31: ="ทั้งหมด " &'HDY-WL'!F44 & " จุด - Completed" -> ทั้งหมด 2 จุด - Completed
B32: Electrical System > | C32: ='HDY-PW'!O25/'HDY-PW'!B25 -> 1 | D32: ="ทั้งหมด " &'HDY-PW'!B25 & " จุด - Completed" -> ทั้งหมด 23 จุด - Completed
A33: CEI | B33: New AP Cabling > | C33: 1 | D33: ="ทั้งหมด " &'CEI-WL'!F22 & " จุด - Completed" -> ทั้งหมด 0 จุด - Completed
B34: Electrical System > | C34: ='CEI-PW'!O18/'CEI-PW'!B18 -> 1 | D34: ="ทั้งหมด " &'CEI-PW'!B18 & " จุด - Completed" -> ทั้งหมด 16 จุด - Completed

Sheet Dashboard-LAN
A22: No. | B22: Tasks | C22: % Complete | D22: Status
A23: HQ | B23: Configuration > | C23: =HQ!N90 -> 0.97409326
B24: Installation > | C24: =HQ!O90 -> 0.97409326
B25: Migration > | C25: =HQ!P90 -> 0.94818653
A26: SVB | B26: Configuration > | C26: =SVB!M741 -> 0.28894472
B27: Installation > | C27: =SVB!N741 -> 0.28894472
B28: Migration > | C28: =SVB!O741 -> 0.28894472
A29: HKT | B29: Configuration > | C29: ='HKT (OLD)'!G96 -> 0.02970297
B30: Installation > | C30: ='HKT (OLD)'!H96 -> 0.02970297
B31: Migration > | C31: ='HKT (OLD)'!I96 -> 0
A32: CNX | B32: Configuration > | C32: =CNX!N49 -> 1
B33: Installation > | C33: =CNX!O49 -> 1
B34: Migration > | C34: =CNX!P49 -> 1
A35: HDY | B35: Configuration > | C35: ='HDY (OLD)'!F46 -> 0.3372093
B36: Installation > | C36: ='HDY (OLD)'!G46 -> 0.3372093
B37: Migration > | C37: ='HDY (OLD)'!H46 -> 0
A38: CEI | B38: Configuration > | C38: ='CEI (Old)'!F35 -> 0.026315789
B39: Installation > | C39: ='CEI (Old)'!G35 -> 0
B40: Migration > | C40: ='CEI (Old)'!H35 -> 0

Sheet Dashboard-WL
A22: No. | B22: Tasks | C22: % Complete | D22: Status
A23: HQ | B23: Configuration > | C23: ='HQ-WL'!O119 -> 1
B24: Installation > | C24: ='HQ-WL'!P119 -> 1 | D24: ="ทั้งหมด " &'HQ-WL'!K118 & " ชุด" -> ทั้งหมด 167 ชุด
B25: Migration > | C25: ='HQ-WL'!Q119 -> 1
A26: SVB | B26: Configuration > | C26: ='SVB-WL'!I81 -> 0.13033708
B27: Installation > | C27: ='SVB-WL'!J81 -> 0.39775281 | D27: ="ทั้งหมด " &'SVB-WL'!D80 & " ชุด" -> ทั้งหมด 445 ชุด
B28: Migration > | C28: ='SVB-WL'!K81 -> 0.13033708
A29: HKT | B29: Configuration > | C29: ='HKT-WL'!H47 -> 0.86
B30: Installation > | C30: ='HKT-WL'!I47 -> 0.86 | D30: ="ทั้งหมด " &'HKT-WL'!D46 & " ชุด" -> ทั้งหมด 50 ชุด
B31: Migration > | C31: ='HKT-WL'!J47 -> 0.86
A32: CNX | B32: Configuration > | C32: ='CNX-WL'!H45 -> 1
B33: Installation > | C33: ='CNX-WL'!I45 -> 1 | D33: ="ทั้งหมด " &'CNX-WL'!D44 & " ชุด" -> ทั้งหมด 50 ชุด
B34: Migration > | C34: ='CNX-WL'!J45 -> 1
A35: HDY | B35: Configuration > | C35: ='HDY-WL'!H45 -> 0
B36: Installation > | C36: ='HDY-WL'!I45 -> 0 | D36: ="ทั้งหมด " &'HDY-WL'!D44 & " ชุด" -> ทั้งหมด 45 ชุด
B37: Migration > | C37: ='HDY-WL'!J45 -> 0
A38: CEI | B38: Configuration > | C38: ='CEI-WL'!H23 -> 0
B39: Installation > | C39: ='CEI-WL'!I23 -> 0 | D39: ="ทั้งหมด " &'CEI-WL'!D22 & " ชุด" -> ทั้งหมด 30 ชุด
B40: Migration > | C40: ='CEI-WL'!J23 -> 0

Sheet HQ
A1: สถานที่ | B1: ห้อง | C1: ชั้น | D1: อุปกรณ์ | E1: ยี่ห้อ รุ่น | F1: จำนวน TOR | G1: จำนวน ใหม่ | H1: Migration Plan | J1: Install Date | K1: Complete Date | L1: Status | M1: หมายเหตุ | N1: Configuration | O1: Installation | P1: Migration | Q1: Total | R1: Remark | S1: Category | T1: วันที่เริ่ม (Helper) | U1: วันที่ติดตั้ง (Helper) | V1: วันที่สิ้นสุด (Helper)
H2: เริ่ม | I2: ถึง
A3: อาคารสายงานวิศวกรรมศาสตร์และเทคโนโลยีสารสนเทศ (สงวท.) | B3: ห้องไฟฟ้า | C3: 1 | D3: อุปกรณ์กระจายสัญญาณเครือข่ายแบบที่ 2 (Access Switch Type 2) | E3: Cisco /C9300L-24T-4X | F3: 4 | G3: 0 | H3: - | I3: - | K3: - | L3: - | M3: ย้ายไปห้องอื่น | N3: 0 | O3: 0 | P3: 0 | Q3: =IF($G3=0,1,(N3+O3+P3)/($G3*3)) -> 1 | S3: =IF(ISNUMBER(SEARCH("Access Point",D3)),"AP",IF(OR(ISNUMBER(SEARCH("Switch",D3)),ISNUMBER(SEARCH("Control Type",D3))),"Switch","Infra")) -> Switch
A4: อาคารสายงานวิศวกรรมศาสตร์และเทคโนโลยีสารสนเทศ (สงวท.) | B4: ห้องไฟฟ้า | D4: อุปกรณ์กระจายสัญญาณเครือข่ายแบบที่ 4 (Access Switch Type 4) | E4: Cisco /C9300L-24UXG-4X | F4: 1 | G4: 0 | N4: 0 | O4: 0 | P4: 0 | Q4: =IF($G4=0,1,(N4+O4+P4)/($G4*3)) -> 1 | S4: =IF(ISNUMBER(SEARCH("Access Point",D4)),"AP",IF(OR(ISNUMBER(SEARCH("Switch",D4)),ISNUMBER(SEARCH("Control Type",D4))),"Switch","Infra")) -> Switch
A5: อาคารสายงานวิศวกรรมศาสตร์และเทคโนโลยีสารสนเทศ (สงวท.) | B5: ชั้น 2 Data Center | C5: 2 | D5: ระบบบริหารจัดการ อุปกรณ์รักษาความปลอดภัยระบบเครือข่ายจากส่วนกลาง (Centralized Management) | E5: Paloalto/M300 | F5: 1 | G5: 1 | H5: 46056 | I5: 46094 | J5: 46056 | L5: In Progress | N5: 1 | O5: 1 | P5: 0 | Q5: =IF($G5=0,1,(N5+O5+P5)/($G5*3)) -> 0.66666667 | S5: =IF(ISNUMBER(SEARCH("Access Point",D5)),"AP",IF(OR(ISNUMBER(SEARCH("Switch",D5)),ISNUMBER(SEARCH("Control Type",D5))),"Switch","Infra")) -> Infra | T5: =$H$5 -> 46056 | U5: =$J$5 -> 46056 | V5: =$I$5 -> 46094
A6: อาคารสายงานวิศวกรรมศาสตร์และเทคโนโลยีสารสนเทศ (สงวท.) | B6: ชั้น 2 Data Center | D6: อุปกรณ์เชื่อมต่อระบบกับเครือข่ายภายนอกแบบที่ 1 (Extranet Switch Type 1) | E6: Cisco /C9500-48Y4C | F6: 2 | G6: 2 | L6: In Progress | N6: 2 | O6: 2 | P6: 2 | Q6: =IF($G6=0,1,(N6+O6+P6)/($G6*3)) -> 1 | S6: =IF(ISNUMBER(SEARCH("Access Point",D6)),"AP",IF(OR(ISNUMBER(SEARCH("Switch",D6)),ISNUMBER(SEARCH("Control Type",D6))),"Switch","Infra")) -> Switch | T6: =$H$5 -> 46056 | U6: =$J$5 -> 46056 | V6: =$I$5 -> 46094
A7: อาคารสายงานวิศวกรรมศาสตร์และเทคโนโลยีสารสนเทศ (สงวท.) | B7: ชั้น 2 Data Center | D7: อุปกรณ์กระจายสัญญาณเครือข่ายแบบที่ 2 (Access Switch Type 2) | E7: Cisco /C9300L-24T-4X | F7: 7 | G7: 6 | L7: In Progress | N7: 3 | O7: 3 | P7: 3 | Q7: =IF($G7=0,1,(N7+O7+P7)/($G7*3)) -> 0.5 | S7: =IF(ISNUMBER(SEARCH("Access Point",D7)),"AP",IF(OR(ISNUMBER(SEARCH("Switch",D7)),ISNUMBER(SEARCH("Control Type",D7))),"Switch","Infra")) -> Switch | T7: =$H$5 -> 46056 | U7: =$J$5 -> 46056 | V7: =$I$5 -> 46094
A8: อาคารสายงานวิศวกรรมศาสตร์และเทคโนโลยีสารสนเทศ (สงวท.) | B8: ชั้น 2 Data Center | D8: อุปกรณ์กระจายสัญญาณเครือข่ายแบบที่ 4 (Access Switch Type 4) | E8: Cisco /C9300L-24UXG-4X | F8: 1 | G8: 1 | L8: In Progress | N8: 0 | O8: 0 | P8: 0 | Q8: =IF($G8=0,1,(N8+O8+P8)/($G8*3)) -> 0 | S8: =IF(ISNUMBER(SEARCH("Access Point",D8)),"AP",IF(OR(ISNUMBER(SEARCH("Switch",D8)),ISNUMBER(SEARCH("Control Type",D8))),"Switch","Infra")) -> Switch | T8: =$H$5 -> 46056 | U8: =$J$5 -> 46056 | V8: =$I$5 -> 46094
A9: อาคารสายงานวิศวกรรมศาสตร์และเทคโนโลยีสารสนเทศ (สงวท.) | B9: ชั้น 2 Data Center | D9: อุปกรณ์ควบคุมการเข้าถึงระบบเครือข่ายแบบที่ 1 (Access Control Type 1) | E9: Cisco /SNS-3755 | F9: 4 | G9: 4 | L9: In Progress | N9: 4 | O9: 4 | P9: 4 | Q9: =IF($G9=0,1,(N9+O9+P9)/($G9*3)) -> 1 | S9: =IF(ISNUMBER(SEARCH("Access Point",D9)),"AP",IF(OR(ISNUMBER(SEARCH("Switch",D9)),ISNUMBER(SEARCH("Control Type",D9))),"Switch","Infra")) -> Switch | T9: =$H$5 -> 46056 | U9: =$J$5 -> 46056 | V9: =$I$5 -> 46094
A10: อาคารสายงานวิศวกรรมศาสตร์และเทคโนโลยีสารสนเทศ (สงวท.) | B10: ชั้น 2 Data Center | D10: อุปกรณ์ควบคุมการกระจายสัญญาณเครือข่ายไร้สาย (Wireless Controller) | E10: Cisco /C9800-L-F | F10: 2 | G10: 2 | L10: In Progress | N10: 2 | O10: 2 | P10: 2 | Q10: =IF($G10=0,1,(N10+O10+P10)/($G10*3)) -> 1 | S10: =IF(ISNUMBER(SEARCH("Access Point",D10)),"AP",IF(OR(ISNUMBER(SEARCH("Switch",D10)),ISNUMBER(SEARCH("Control Type",D10))),"Switch","Infra")) -> Infra | T10: =$H$5 -> 46056 | U10: =$J$5 -> 46056 | V10: =$I$5 -> 46094
A11: อาคารสายงานวิศวกรรมศาสตร์และเทคโนโลยีสารสนเทศ (สงวท.) | B11: ชั้น 2 Data Center | D11: อุปกรณ์ควบคุมระบบครือข่ายด้วยซอฟต์แวร์ (SDN Controller) | E11: Cisco /DN3-HW-APL-XL | F11: 3 | G11: 3 | L11: In Progress | N11: 3 | O11: 3 | P11: 3 | Q11: =IF($G11=0,1,(N11+O11+P11)/($G11*3)) -> 1 | S11: =IF(ISNUMBER(SEARCH("Access Point",D11)),"AP",IF(OR(ISNUMBER(SEARCH("Switch",D11)),ISNUMBER(SEARCH("Control Type",D11))),"Switch","Infra")) -> Infra | T11: =$H$5 -> 46056 | U11: =$J$5 -> 46056 | V11: =$I$5 -> 46094
A12: อาคารสายงานวิศวกรรมศาสตร์และเทคโนโลยีสารสนเทศ (สงวท.) | B12: ชั้น 2 Data Center | D12: อุปกรณ์รักษาความปลอดภัยระบบเครือข่าย Next Generation Firewall แบบที่ 1 | E12: Paloalto/PA-3420 | F12: 2 | G12: 2 | L12: In Progress | N12: 2 | O12: 2 | P12: 0 | Q12: =IF($G12=0,1,(N12+O12+P12)/($G12*3)) -> 0.66666667 | S12: =IF(ISNUMBER(SEARCH("Access Point",D12)),"AP",IF(OR(ISNUMBER(SEARCH("Switch",D12)),ISNUMBER(SEARCH("Control Type",D12))),"Switch","Infra")) -> Infra | T12: =$H$5 -> 46056 | U12: =$J$5 -> 46056 | V12: =$I$5 -> 46094
A13: อาคารสายงานวิศวกรรมศาสตร์และเทคโนโลยีสารสนเทศ (สงวท.) | B13: ชั้น 2 Data Center | D13: อุปกรณ์รักษาความปลอดภัยระบบเครือข่าย Next Generation Firewall แบบที่ 2 | E13: Paloalto/PA-3410 | F13: 2 | G13: 2 | L13: In Progress | N13: 2 | O13: 2 | P13: 2 | Q13: =IF($G13=0,1,(N13+O13+P13)/($G13*3)) -> 1 | S13: =IF(ISNUMBER(SEARCH("Access Point",D13)),"AP",IF(OR(ISNUMBER(SEARCH("Switch",D13)),ISNUMBER(SEARCH("Control Type",D13))),"Switch","Infra")) -> Infra | T13: =$H$5 -> 46056 | U13: =$J$5 -> 46056 | V13: =$I$5 -> 46094
A14: อาคารสายงานวิศวกรรมศาสตร์และเทคโนโลยีสารสนเทศ (สงวท.) | B14: ชั้น 2 Data Center | D14: อุปกรณ์ Web Application Firewall | E14: Imperva/X6530 | F14: 1 | G14: 1 | L14: In Progress | N14: 1 | O14: 1 | P14: 1 | Q14: =IF($G14=0,1,(N14+O14+P14)/($G14*3)) -> 1 | S14: =IF(ISNUMBER(SEARCH("Access Point",D14)),"AP",IF(OR(ISNUMBER(SEARCH("Switch",D14)),ISNUMBER(SEARCH("Control Type",D14))),"Switch","Infra")) -> Infra | T14: =$H$5 -> 46056 | U14: =$J$5 -> 46056 | V14: =$I$5 -> 46094
A15: อาคารสายงานวิศวกรรมศาสตร์และเทคโนโลยีสารสนเทศ (สงวท.) | B15: ชั้น 2 Data Center | D15: อุปกรณ์กระจายสัญญาณเครือข่ายหลักแบบที่ 2 (Core Switch Type 2) | E15: Cisco /C9407R | F15: 2 | G15: 2 | L15: In Progress | N15: 2 | O15: 2 | P15: 2 | Q15: =IF($G15=0,1,(N15+O15+P15)/($G15*3)) -> 1 | S15: =IF(ISNUMBER(SEARCH("Access Point",D15)),"AP",IF(OR(ISNUMBER(SEARCH("Switch",D15)),ISNUMBER(SEARCH("Control Type",D15))),"Switch","Infra")) -> Switch | T15: =$H$5 -> 46056 | U15: =$J$5 -> 46056 | V15: =$I$5 -> 46094
A16: อาคารสายงานวิศวกรรมศาสตร์และเทคโนโลยีสารสนเทศ (สงวท.) | B16: ชั้น 2 Data Center | D16: อุปกรณ์เชื่อมต่อระบบกับเครือข่ายภายในแบบที่ 1 (Fusion Switch Type 1) | E16: Cisco /C9606R | F16: 2 | G16: 2 | L16: In Progress | N16: 2 | O16: 2 | P16: 2 | Q16: =IF($G16=0,1,(N16+O16+P16)/($G16*3)) -> 1 | S16: =IF(ISNUMBER(SEARCH("Access Point",D16)),"AP",IF(OR(ISNUMBER(SEARCH("Switch",D16)),ISNUMBER(SEARCH("Control Type",D16))),"Switch","Infra")) -> Switch | T16: =$H$5 -> 46056 | U16: =$J$5 -> 46056 | V16: =$I$5 -> 46094
A17: อาคารสายงานวิศวกรรมศาสตร์และเทคโนโลยีสารสนเทศ (สงวท.) | B17: ห้องไฟฟ้า 102 | C17: 1 | D17: อุปกรณ์กระจายสัญญาณเครือข่ายแบบที่ 2 (Access Switch Type 2) | E17: Cisco /C9300L-24T-4X | F17: 6 | G17: 5 | H17: 46064 | I17: 46065 | J17: 46064 | K17: 46064 | L17: Complete | M17: ย้าย TPYE 2 ไปชั้น 4 สงวท 1 ตัว | N17: 5 | O17: 5 | P17: 5 | Q17: =IF($G17=0,1,(N17+O17+P17)/($G17*3)) -> 1 | S17: =IF(ISNUMBER(SEARCH("Access Point",D17)),"AP",IF(OR(ISNUMBER(SEARCH("Switch",D17)),ISNUMBER(SEARCH("Control Type",D17))),"Switch","Infra")) -> Switch | T17: =$H$17 -> 46064 | U17: =$J$17 -> 46064 | V17: =$I$17 -> 46065
A18: อาคารสายงานวิศวกรรมศาสตร์และเทคโนโลยีสารสนเทศ (สงวท.) | B18: ห้องไฟฟ้า 102 | D18: อุปกรณ์กระจายสัญญาณเครือข่ายแบบที่ 4 (Access Switch Type 4) | E18: Cisco /C9300L-24UXG-4X | F18: 5 | G18: 5 | N18: 5 | O18: 5 | P18: 5 | Q18: =IF($G18=0,1,(N18+O18+P18)/($G18*3)) -> 1 | S18: =IF(ISNUMBER(SEARCH("Access Point",D18)),"AP",IF(OR(ISNUMBER(SEARCH("Switch",D18)),ISNUMBER(SEARCH("Control Type",D18))),"Switch","Infra")) -> Switch | T18: =$H$17 -> 46064 | U18: =$J$17 -> 46064 | V18: =$I$17 -> 46065
A19: อาคารสายงานวิศวกรรมศาสตร์และเทคโนโลยีสารสนเทศ (สงวท.) | B19: ห้องเก็บของ | C19: 2 | D19: อุปกรณ์กระจายสัญญาณเครือข่ายแบบที่ 2 (Access Switch Type 2) | E19: Cisco /C9300L-24T-4X | F19: 3 | G19: 3 | H19: 46056 | I19: 46057 | J19: 46056 | K19: 46060 | L19: Complete | M19: ชื่อห้องเดิมคือ ชั้น 2 ห้องฝ่ายระบบคอมพิวเตอร์และเครือข่าย *** เป็น Pilot Site | N19: 3 | O19: 3 | P19: 3 | Q19: =IF($G19=0,1,(N19+O19+P19)/($G19*3)) -> 1 | S19: =IF(ISNUMBER(SEARCH("Access Point",D19)),"AP",IF(OR(ISNUMBER(SEARCH("Switch",D19)),ISNUMBER(SEARCH("Control Type",D19))),"Switch","Infra")) -> Switch | T19: =$H$19 -> 46056 | U19: =$J$19 -> 46056 | V19: =$I$19 -> 46057
A20: อาคารสายงานวิศวกรรมศาสตร์และเทคโนโลยีสารสนเทศ (สงวท.) | B20: ห้องเก็บของ | D20: อุปกรณ์กระจายสัญญาณเครือข่ายแบบที่ 4 (Access Switch Type 4) | E20: Cisco /C9300L-24UXG-4X | F20: 3 | G20: 3 | N20: 3 | O20: 3 | P20: 3 | Q20: =IF($G20=0,1,(N20+O20+P20)/($G20*3)) -> 1 | S20: =IF(ISNUMBER(SEARCH("Access Point",D20)),"AP",IF(OR(ISNUMBER(SEARCH("Switch",D20)),ISNUMBER(SEARCH("Control Type",D20))),"Switch","Infra")) -> Switch | T20: =$H$19 -> 46056 | U20: =$J$19 -> 46056 | V20: =$I$19 -> 46057
A21: อาคารสายงานวิศวกรรมศาสตร์และเทคโนโลยีสารสนเทศ (สงวท.) | B21: ห้องไฟฟ้า 301 | C21: 3 | D21: อุปกรณ์กระจายสัญญาณเครือข่ายแบบที่ 2 (Access Switch Type 2) | E21: Cisco /C9300L-24T-4X | F21: 1 | G21: 1 | H21: 46071 | I21: 46073 | J21: 46071 | K21: 46071 | L21: Complete | N21: 1 | O21: 1 | P21: 1 | Q21: =IF($G21=0,1,(N21+O21+P21)/($G21*3)) -> 1 | S21: =IF(ISNUMBER(SEARCH("Access Point",D21)),"AP",IF(OR(ISNUMBER(SEARCH("Switch",D21)),ISNUMBER(SEARCH("Control Type",D21))),"Switch","Infra")) -> Switch | T21: =$H$21 -> 46071 | U21: =$J$21 -> 46071 | V21: =$I$21 -> 46073
A22: อาคารสายงานวิศวกรรมศาสตร์และเทคโนโลยีสารสนเทศ (สงวท.) | B22: ห้องไฟฟ้า 301 | D22: อุปกรณ์กระจายสัญญาณเครือข่ายแบบที่ 4 (Access Switch Type 4) | E22: Cisco /C9300L-24UXG-4X | F22: 4 | G22: 4 | N22: 4 | O22: 4 | P22: 4 | Q22: =IF($G22=0,1,(N22+O22+P22)/($G22*3)) -> 1 | S22: =IF(ISNUMBER(SEARCH("Access Point",D22)),"AP",IF(OR(ISNUMBER(SEARCH("Switch",D22)),ISNUMBER(SEARCH("Control Type",D22))),"Switch","Infra")) -> Switch | T22: =$H$21 -> 46071 | U22: =$J$21 -> 46071 | V22: =$I$21 -> 46073
A23: อาคารสายงานวิศวกรรมศาสตร์และเทคโนโลยีสารสนเทศ (สงวท.) | B23: ห้องไฟฟ้า ชั้น 4 | C23: 4 | D23: อุปกรณ์กระจายสัญญาณเครือข่ายแบบที่ 2 (Access Switch Type 2) | E23: Cisco /C9300L-24T-4X | F23: 0 | G23: 1 | H23: 46073 | I23: 46074 | J23: 46073 | K23: 46073 | L23: Complete | M23: ชื่อห้องเดิมคือ ห้องข้างๆ ลิฟ ชั้น 4 เพิ่ม 2 ตัวType 4 จากอาคารลานจอด ห้องวิศวกรรม Type 2 ย้ายจากชั้น 1 สงวท. | N23: 1 | O23: 1 | P23: 1 | Q23: =IF($G23=0,1,(N23+O23+P23)/($G23*3)) -> 1 | S23: =IF(ISNUMBER(SEARCH("Access Point",D23)),"AP",IF(OR(ISNUMBER(SEARCH("Switch",D23)),ISNUMBER(SEARCH("Control Type",D23))),"Switch","Infra")) -> Switch | T23: =$H$23 -> 46073 | U23: =$J$23 -> 46073 | V23: =$I$23 -> 46074
A24: อาคารสายงานวิศวกรรมศาสตร์และเทคโนโลยีสารสนเทศ (สงวท.) | B24: ห้องไฟฟ้า ชั้น 4 | D24: อุปกรณ์กระจายสัญญาณเครือข่ายแบบที่ 4 (Access Switch Type 4) | E24: Cisco /C9300L-24UXG-4X | F24: 2 | G24: 3 | N24: 3 | O24: 3 | P24: 3 | Q24: =IF($G24=0,1,(N24+O24+P24)/($G24*3)) -> 1 | S24: =IF(ISNUMBER(SEARCH("Access Point",D24)),"AP",IF(OR(ISNUMBER(SEARCH("Switch",D24)),ISNUMBER(SEARCH("Control Type",D24))),"Switch","Infra")) -> Switch | T24: =$H$23 -> 46073 | U24: =$J$23 -> 46073 | V24: =$I$23 -> 46074
A25: อาคารสำนักงานใหญ่ | B25: ชั้น 1 ห้องเก็บของ สกหม. | C25: 1 | D25: อุปกรณ์กระจายสัญญาณเครือข่ายรองแบบที่ 3 (Distribute Switch Type 3) | E25: Cisco /C9407R | F25: 2 | G25: 2 | H25: 46076 | I25: 46075 | J25: 46076 | K25: 46076 | L25: Complete | M25: ชื่อห้องเดิมคือ ชั้น 1 ห้องเก็บของ ตรงข้ามห้องพักเจ้าหน้าที่ปรับอากาศ | N25: 2 | O25: 2 | P25: 2 | Q25: =IF($G25=0,1,(N25+O25+P25)/($G25*3)) -> 1 | S25: =IF(ISNUMBER(SEARCH("Access Point",D25)),"AP",IF(OR(ISNUMBER(SEARCH("Switch",D25)),ISNUMBER(SEARCH("Control Type",D25))),"Switch","Infra")) -> Switch | T25: =$H$25 -> 46076 | U25: =$J$25 -> 46076 | V25: =$I$25 -> 46075
A26: อาคารสำนักงานใหญ่ | B26: ชั้น 5 ห้องไฟฟ้า | C26: 5 | D26: อุปกรณ์กระจายสัญญาณเครือข่ายแบบที่ 2 (Access Switch Type 2) | E26: Cisco /C9300L-24T-4X | F26: 6 | G26: 6 | H26: 46090 | I26: 46092 | J26: 46094 | K26: 46094 | L26: Complete | N26: 6 | O26: 6 | P26: 6 | Q26: =IF($G26=0,1,(N26+O26+P26)/($G26*3)) -> 1 | S26: =IF(ISNUMBER(SEARCH("Access Point",D26)),"AP",IF(OR(ISNUMBER(SEARCH("Switch",D26)),ISNUMBER(SEARCH("Control Type",D26))),"Switch","Infra")) -> Switch | T26: =$H$26 -> 46090 | U26: =$J$26 -> 46094 | V26: =$I$26 -> 46092
A27: อาคารสำนักงานใหญ่ | B27: ชั้น 5 ห้องไฟฟ้า | D27: อุปกรณ์กระจายสัญญาณเครือข่ายแบบที่ 4 (Access Switch Type 4) | E27: Cisco /C9300L-24UXG-4X | F27: 1 | G27: 1 | J27: 46090 | K27: 46092 | L27: Complete | N27: 1 | O27: 1 | P27: 1 | Q27: =IF($G27=0,1,(N27+O27+P27)/($G27*3)) -> 1 | S27: =IF(ISNUMBER(SEARCH("Access Point",D27)),"AP",IF(OR(ISNUMBER(SEARCH("Switch",D27)),ISNUMBER(SEARCH("Control Type",D27))),"Switch","Infra")) -> Switch | T27: =$H$26 -> 46090 | U27: =$J$26 -> 46094 | V27: =$I$26 -> 46092
A28: อาคารสำนักงานใหญ่ | B28: ชั้น 2 ห้องไฟฟ้า | C28: 2 | D28: อุปกรณ์กระจายสัญญาณเครือข่ายแบบที่ 2 (Access Switch Type 2) | E28: Cisco /C9300L-24T-4X | F28: 5 | G28: 5 | H28: 46078 | I28: 46081 | J28: 46078 | K28: 46085 | L28: Complete | N28: 5 | O28: 5 | P28: 5 | Q28: =IF($G28=0,1,(N28+O28+P28)/($G28*3)) -> 1 | S28: =IF(ISNUMBER(SEARCH("Access Point",D28)),"AP",IF(OR(ISNUMBER(SEARCH("Switch",D28)),ISNUMBER(SEARCH("Control Type",D28))),"Switch","Infra")) -> Switch | T28: =$H$28 -> 46078 | U28: =$J$28 -> 46078 | V28: =$I$28 -> 46081
A29: อาคารสำนักงานใหญ่ | B29: ชั้น 2 ห้องไฟฟ้า | D29: อุปกรณ์กระจายสัญญาณเครือข่ายแบบที่ 4 (Access Switch Type 4) | E29: Cisco /C9300L-24UXG-4X | F29: 1 | G29: 1 | N29: 1 | O29: 1 | P29: 1 | Q29: =IF($G29=0,1,(N29+O29+P29)/($G29*3)) -> 1 | S29: =IF(ISNUMBER(SEARCH("Access Point",D29)),"AP",IF(OR(ISNUMBER(SEARCH("Switch",D29)),ISNUMBER(SEARCH("Control Type",D29))),"Switch","Infra")) -> Switch | T29: =$H$28 -> 46078 | U29: =$J$28 -> 46078 | V29: =$I$28 -> 46081
A30: อาคารสำนักงานใหญ่ | B30: ชั้น 4 ห้องไฟฟ้า | C30: 4 | D30: อุปกรณ์กระจายสัญญาณเครือข่ายแบบที่ 2 (Access Switch Type 2) | E30: Cisco /C9300L-24T-4X | F30: 5 | G30: 5 | H30: 46083 | I30: 46086 | J30: 46087 | K30: 46087 | L30: Complete | M30: นำมาจากห้องสำนักเลขาชั้น 5 1 ตัว | N30: 5 | O30: 5 | P30: 5 | Q30: =IF($G30=0,1,(N30+O30+P30)/($G30*3)) -> 1 | S30: =IF(ISNUMBER(SEARCH("Access Point",D30)),"AP",IF(OR(ISNUMBER(SEARCH("Switch",D30)),ISNUMBER(SEARCH("Control Type",D30))),"Switch","Infra")) -> Switch | T30: =$H$30 -> 46083 | U30: =$J$30 -> 46087 | V30: =$I$30 -> 46086
A31: อาคารสำนักงานใหญ่ | B31: ชั้น 4 ห้องไฟฟ้า | D31: อุปกรณ์กระจายสัญญาณเครือข่ายแบบที่ 4 (Access Switch Type 4) | E31: Cisco /C9300L-24UXG-4X | F31: 1 | G31: 2 | K31: 46087 | N31: 2 | O31: 2 | P31: 2 | Q31: =IF($G31=0,1,(N31+O31+P31)/($G31*3)) -> 1 | S31: =IF(ISNUMBER(SEARCH("Access Point",D31)),"AP",IF(OR(ISNUMBER(SEARCH("Switch",D31)),ISNUMBER(SEARCH("Control Type",D31))),"Switch","Infra")) -> Switch | T31: =$H$30 -> 46083 | U31: =$J$30 -> 46087 | V31: =$I$30 -> 46086
A32: อาคารสำนักงานใหญ่ | B32: ชั้น 1 ห้องไฟฟ้า | C32: 1 | D32: อุปกรณ์กระจายสัญญาณเครือข่ายแบบที่ 2 (Access Switch Type 2) | E32: Cisco /C9300L-24T-4X | F32: 4 | G32: 4 | H32: 46076 | I32: 46079 | J32: 46076 | K32: 46080 | L32: Complete | N32: 4 | O32: 4 | P32: 4 | Q32: =IF($G32=0,1,(N32+O32+P32)/($G32*3)) -> 1 | S32: =IF(ISNUMBER(SEARCH("Access Point",D32)),"AP",IF(OR(ISNUMBER(SEARCH("Switch",D32)),ISNUMBER(SEARCH("Control Type",D32))),"Switch","Infra")) -> Switch | T32: =$H$32 -> 46076 | U32: =$J$32 -> 46076 | V32: =$I$32 -> 46079
A33: อาคารสำนักงานใหญ่ | B33: ชั้น 1 ห้องไฟฟ้า | D33: อุปกรณ์กระจายสัญญาณเครือข่ายแบบที่ 4 (Access Switch Type 4) | E33: Cisco /C9300L-24UXG-4X | F33: 1 | G33: 1 | N33: 1 | O33: 1 | P33: 1 | Q33: =IF($G33=0,1,(N33+O33+P33)/($G33*3)) -> 1 | S33: =IF(ISNUMBER(SEARCH("Access Point",D33)),"AP",IF(OR(ISNUMBER(SEARCH("Switch",D33)),ISNUMBER(SEARCH("Control Type",D33))),"Switch","Infra")) -> Switch | T33: =$H$32 -> 46076 | U33: =$J$32 -> 46076 | V33: =$I$32 -> 46079
A34: อาคารสำนักงานใหญ่ | B34: ชั้น 3 ห้องไฟฟ้า | C34: 3 | D34: อุปกรณ์กระจายสัญญาณเครือข่ายแบบที่ 2 (Access Switch Type 2) | E34: Cisco /C9300L-24T-4X | F34: 4 | G34: 5 | H34: 46080 | I34: 46083 | J34: 46080 | K34: 46087 | L34: Complete | M34: ย้ายtype 2 มาจากชั้น 2 ฝ่ายอำนวยการกลาง | N34: 5 | O34: 5 | P34: 5 | Q34: =IF($G34=0,1,(N34+O34+P34)/($G34*3)) -> 1 | S34: =IF(ISNUMBER(SEARCH("Access Point",D34)),"AP",IF(OR(ISNUMBER(SEARCH("Switch",D34)),ISNUMBER(SEARCH("Control Type",D34))),"Switch","Infra")) -> Switch | T34: =$H$34 -> 46080 | U34: =$J$34 -> 46080 | V34: =$I$34 -> 46083
A35: อาคารสำนักงานใหญ่ | B35: ชั้น 3 ห้องไฟฟ้า | D35: อุปกรณ์กระจายสัญญาณเครือข่ายแบบที่ 4 (Access Switch Type 4) | E35: Cisco /C9300L-24UXG-4X | F35: 1 | G35: 1 | N35: 1 | O35: 1 | P35: 1 | Q35: =IF($G35=0,1,(N35+O35+P35)/($G35*3)) -> 1 | S35: =IF(ISNUMBER(SEARCH("Access Point",D35)),"AP",IF(OR(ISNUMBER(SEARCH("Switch",D35)),ISNUMBER(SEARCH("Control Type",D35))),"Switch","Infra")) -> Switch | T35: =$H$34 -> 46080 | U35: =$J$34 -> 46080 | V35: =$I$34 -> 46083
A36: อาคารสำนักงานใหญ่ | B36: ชั้น 2 ห้องไฟฟ้า | C36: 2 | D36: อุปกรณ์กระจายสัญญาณเครือข่ายแบบที่ 2 (Access Switch Type 2) | E36: Cisco /C9300L-24T-4X | F36: 3 | G36: 4 | H36: 46078 | I36: 46081 | J36: 46078 | K36: 46087 | L36: Complete | M36: ชื่อห้องเดิมคือ HQ-AHU-203 เพิ่ม 1 ตัว จากห้อง ฝ่ายอำนวยกลาง | N36: 4 | O36: 4 | P36: 4 | Q36: =IF($G36=0,1,(N36+O36+P36)/($G36*3)) -> 1 | S36: =IF(ISNUMBER(SEARCH("Access Point",D36)),"AP",IF(OR(ISNUMBER(SEARCH("Switch",D36)),ISNUMBER(SEARCH("Control Type",D36))),"Switch","Infra")) -> Switch | T36: =$H$36 -> 46078 | U36: =$J$36 -> 46078 | V36: =$I$36 -> 46081
A37: อาคารสำนักงานใหญ่ | B37: ชั้น 3 ห้องไฟฟ้า | C37: 3 | D37: อุปกรณ์กระจายสัญญาณเครือข่ายแบบที่ 2 (Access Switch Type 2) | E37: Cisco /C9300L-24T-4X | F37: 3 | G37: 3 | H37: 46080 | I37: 46083 | J37: 46080 | K37: 46087 | L37: Complete | M37: ชื่อห้องเดิมคือ HQ-AHU-302 | N37: 3 | O37: 3 | P37: 3 | Q37: =IF($G37=0,1,(N37+O37+P37)/($G37*3)) -> 1 | S37: =IF(ISNUMBER(SEARCH("Access Point",D37)),"AP",IF(OR(ISNUMBER(SEARCH("Switch",D37)),ISNUMBER(SEARCH("Control Type",D37))),"Switch","Infra")) -> Switch | T37: =$H$37 -> 46080 | U37: =$J$37 -> 46080 | V37: =$I$37 -> 46083
A38: อาคารสำนักงานใหญ่ | B38: ชั้น 3 ห้องไฟฟ้า | D38: อุปกรณ์กระจายสัญญาณเครือข่ายแบบที่ 4 (Access Switch Type 4) | E38: Cisco /C9300L-24UXG-4X | F38: 1 | G38: 1 | N38: 1 | O38: 1 | P38: 1 | Q38: =IF($G38=0,1,(N38+O38+P38)/($G38*3)) -> 1 | S38: =IF(ISNUMBER(SEARCH("Access Point",D38)),"AP",IF(OR(ISNUMBER(SEARCH("Switch",D38)),ISNUMBER(SEARCH("Control Type",D38))),"Switch","Infra")) -> Switch | T38: =$H$37 -> 46080 | U38: =$J$37 -> 46080 | V38: =$I$39 -> 46092
A39: อาคารสำนักงานใหญ่ | B39: ชั้น 5 ห้องไฟฟ้า | C39: 5 | D39: อุปกรณ์กระจายสัญญาณเครือข่ายแบบที่ 2 (Access Switch Type 2) | E39: Cisco /C9300L-24T-4X | F39: 3 | G39: 3 | H39: 46090 | I39: 46092 | J39: 46090 | K39: 46092 | L39: Complete | M39: ชื่อห้องเดิมคือ ห้องควบคุมระบบไฟฟ้า ชั้น 5 ข้างห้องน้ำชาย | N39: 3 | O39: 3 | P39: 3 | Q39: =IF($G39=0,1,(N39+O39+P39)/($G39*3)) -> 1 | S39: =IF(ISNUMBER(SEARCH("Access Point",D39)),"AP",IF(OR(ISNUMBER(SEARCH("Switch",D39)),ISNUMBER(SEARCH("Control Type",D39))),"Switch","Infra")) -> Switch | T39: =$H$39 -> 46090 | U39: =$J$39 -> 46090 | V39: =$I$40 -> 46098
A40: อาคารสำนักงานใหญ่ | B40: ชั้น 6 ห้องไฟฟ้า | C40: 6 | D40: อุปกรณ์กระจายสัญญาณเครือข่ายแบบที่ 2 (Access Switch Type 2) | E40: Cisco /C9300L-24T-4X | F40: 2 | G40: 3 | H40: 46097 | I40: 46098 | J40: 46097 | K40: 46098 | L40: Complete | N40: 3 | O40: 3 | P40: 3 | Q40: =IF($G40=0,1,(N40+O40+P40)/($G40*3)) -> 1 | S40: =IF(ISNUMBER(SEARCH("Access Point",D40)),"AP",IF(OR(ISNUMBER(SEARCH("Switch",D40)),ISNUMBER(SEARCH("Control Type",D40))),"Switch","Infra")) -> Switch | T40: =$H$40 -> 46097 | U40: =$J$40 -> 46097 | V40: =$I$41 -> 46098
A41: อาคารสำนักงานใหญ่ | B41: ชั้น 6 ห้องไฟฟ้า | D41: อุปกรณ์กระจายสัญญาณเครือข่ายแบบที่ 4 (Access Switch Type 4) | E41: Cisco /C9300L-24UXG-4X | F41: 1 | G41: 1 | H41: 46097 | I41: 46098 | J41: 46094 | K41: 46094 | L41: Complete | N41: 1 | O41: 1 | P41: 1 | Q41: =IF($G41=0,1,(N41+O41+P41)/($G41*3)) -> 1 | S41: =IF(ISNUMBER(SEARCH("Access Point",D41)),"AP",IF(OR(ISNUMBER(SEARCH("Switch",D41)),ISNUMBER(SEARCH("Control Type",D41))),"Switch","Infra")) -> Switch | T41: =$H$40 -> 46097 | U41: =$J$41 -> 46094 | V41: =$I$41 -> 46098
A42: อาคารสำนักงานใหญ่ | B42: ชั้น 1 ห้องไฟฟ้า | C42: 1 | D42: อุปกรณ์กระจายสัญญาณเครือข่ายแบบที่ 2 (Access Switch Type 2) | E42: Cisco /C9300L-24T-4X | F42: 2 | G42: 2 | H42: 46076 | I42: 46079 | J42: 46076 | K42: 46078 | L42: Complete | M42: ชื่อห้องเดิมคือ HQ-AHU-127 | N42: 2 | O42: 2 | P42: 2 | Q42: =IF($G42=0,1,(N42+O42+P42)/($G42*3)) -> 1 | S42: =IF(ISNUMBER(SEARCH("Access Point",D42)),"AP",IF(OR(ISNUMBER(SEARCH("Switch",D42)),ISNUMBER(SEARCH("Control Type",D42))),"Switch","Infra")) -> Switch | T42: =$H$42 -> 46076 | U42: =$J$42 -> 46076 | V42: =$I$42 -> 46079
A43: อาคารสำนักงานใหญ่ | B43: ชั้น 4 ห้องไฟฟ้า | C43: 4 | D43: อุปกรณ์กระจายสัญญาณเครือข่ายแบบที่ 2 (Access Switch Type 2) | E43: Cisco /C9300L-24T-4X | F43: 2 | G43: 1 | H43: 46083 | I43: 46086 | J43: 46087 | K43: 46087 | L43: Complete | M43: ชื่อห้องเดิมคือ HQ-AHU-411 | N43: 1 | O43: 1 | P43: 1 | Q43: =IF($G43=0,1,(N43+O43+P43)/($G43*3)) -> 1 | S43: =IF(ISNUMBER(SEARCH("Access Point",D43)),"AP",IF(OR(ISNUMBER(SEARCH("Switch",D43)),ISNUMBER(SEARCH("Control Type",D43))),"Switch","Infra")) -> Switch | T43: =$H$43 -> 46083 | U43: =$J$43 -> 46087 | V43: =$I$43 -> 46086
A44: อาคารสำนักงานใหญ่ | B44: ชั้น 7 ห้องไฟฟ้า | C44: 7 | D44: อุปกรณ์กระจายสัญญาณเครือข่ายแบบที่ 2 (Access Switch Type 2) | E44: Cisco /C9300L-24T-4X | F44: 1 | G44: 1 | H44: 46097 | I44: 46098 | J44: 46100 | K44: 46101 | L44: Complete | N44: 1 | O44: 1 | P44: 1 | Q44: =IF($G44=0,1,(N44+O44+P44)/($G44*3)) -> 1 | S44: =IF(ISNUMBER(SEARCH("Access Point",D44)),"AP",IF(OR(ISNUMBER(SEARCH("Switch",D44)),ISNUMBER(SEARCH("Control Type",D44))),"Switch","Infra")) -> Switch | T44: =$H$44 -> 46097 | U44: =$J$44 -> 46100 | V44: =$I$44 -> 46098
A45: อาคารสำนักงานใหญ่ | B45: ชั้น 7 ห้องไฟฟ้า | D45: อุปกรณ์กระจายสัญญาณเครือข่ายแบบที่ 4 (Access Switch Type 4) | E45: Cisco /C9300L-24UXG-4X | F45: 2 | G45: 2 | N45: 2 | O45: 2 | P45: 2 | Q45: =IF($G45=0,1,(N45+O45+P45)/($G45*3)) -> 1 | S45: =IF(ISNUMBER(SEARCH("Access Point",D45)),"AP",IF(OR(ISNUMBER(SEARCH("Switch",D45)),ISNUMBER(SEARCH("Control Type",D45))),"Switch","Infra")) -> Switch | T45: =$H$44 -> 46097 | U45: =$J$44 -> 46100 | V45: =$I$44 -> 46098
A46: อาคารสำนักงานใหญ่ | B46: ฝ่ายอำนวยการกลาง | C46: 2 | D46: อุปกรณ์กระจายสัญญาณเครือข่ายแบบที่ 2 (Access Switch Type 2) | E46: Cisco /C9300L-24T-4X | F46: 2 | G46: 0 | H46: 46078 | I46: 46081 | J46: 46078 | K46: 46080 | L46: Complete | M46: เพิ่ม TYPE4 1 ตัว ย้ายมาจากฝ่ายบัญชีตัวที่6 TYPE 2 รอย้ายไปติดตั้งห้องอื่น 1 ตัวไป ห้องไฟฟ้า ชั้น 2 | N46: 0 | O46: 0 | P46: 0 | Q46: =IF($G46=0,1,(N46+O46+P46)/($G46*3)) -> 1 | S46: =IF(ISNUMBER(SEARCH("Access Point",D46)),"AP",IF(OR(ISNUMBER(SEARCH("Switch",D46)),ISNUMBER(SEARCH("Control Type",D46))),"Switch","Infra")) -> Switch | T46: =$H$46 -> 46078 | U46: =$J$46 -> 46078 | V46: =$I$46 -> 46081
A47: อาคารสำนักงานใหญ่ | B47: ฝ่ายอำนวยการกลาง | D47: อุปกรณ์กระจายสัญญาณเครือข่ายแบบที่ 4 (Access Switch Type 4) | E47: Cisco /C9300L-24UXG-4X | F47: 3 | G47: 4 | N47: 4 | O47: 4 | P47: 4 | Q47: =IF($G47=0,1,(N47+O47+P47)/($G47*3)) -> 1 | S47: =IF(ISNUMBER(SEARCH("Access Point",D47)),"AP",IF(OR(ISNUMBER(SEARCH("Switch",D47)),ISNUMBER(SEARCH("Control Type",D47))),"Switch","Infra")) -> Switch | T47: =$H$46 -> 46078 | U47: =$J$46 -> 46078 | V47: =$I$46 -> 46081
A48: อาคารสำนักงานใหญ่ | B48: ห้องฝ่ายการเงิน | C48: 1 | D48: อุปกรณ์กระจายสัญญาณเครือข่ายแบบที่ 2 (Access Switch Type 2) | E48: Cisco /C9300L-24T-4X | F48: 1 | G48: 1 | H48: 46076 | I48: 46079 | J48: 46076 | K48: 46078 | L48: Complete | N48: 1 | O48: 1 | P48: 1 | Q48: =IF($G48=0,1,(N48+O48+P48)/($G48*3)) -> 1 | S48: =IF(ISNUMBER(SEARCH("Access Point",D48)),"AP",IF(OR(ISNUMBER(SEARCH("Switch",D48)),ISNUMBER(SEARCH("Control Type",D48))),"Switch","Infra")) -> Switch | T48: =$H$48 -> 46076 | U48: =$J$48 -> 46076 | V48: =$I$48 -> 46079
A49: อาคารสำนักงานใหญ่ | B49: ห้องฝ่ายการเงิน | D49: อุปกรณ์กระจายสัญญาณเครือข่ายแบบที่ 4 (Access Switch Type 4) | E49: Cisco /C9300L-24UXG-4X | F49: 2 | G49: 2 | N49: 2 | O49: 2 | P49: 2 | Q49: =IF($G49=0,1,(N49+O49+P49)/($G49*3)) -> 1 | S49: =IF(ISNUMBER(SEARCH("Access Point",D49)),"AP",IF(OR(ISNUMBER(SEARCH("Switch",D49)),ISNUMBER(SEARCH("Control Type",D49))),"Switch","Infra")) -> Switch | T49: =$H$48 -> 46076 | U49: =$J$48 -> 46076 | V49: =$I$48 -> 46079
A50: อาคารสำนักงานใหญ่ | B50: สำนักงานเลขานุการบริษัทฝ่ายป้องกันอุบัติภัยและอาชีวอนามัย | C50: 5 | D50: อุปกรณ์กระจายสัญญาณเครือข่ายแบบที่ 4 (Access Switch Type 4) | E50: Cisco /C9300L-24UXG-4X | F50: 9 | G50: 8 | H50: 46092 | I50: 46094 | J50: 46092 | K50: 46092 | L50: Complete | M50: ย้าย1 ตัว ไป ห้องไฟฟ้าชั้น 4 | N50: 8 | O50: 8 | P50: 8 | Q50: =IF($G50=0,1,(N50+O50+P50)/($G50*3)) -> 1 | S50: =IF(ISNUMBER(SEARCH("Access Point",D50)),"AP",IF(OR(ISNUMBER(SEARCH("Switch",D50)),ISNUMBER(SEARCH("Control Type",D50))),"Switch","Infra")) -> Switch | T50: =$H$50 -> 46092 | U50: =$J$50 -> 46092 | V50: =$I$50 -> 46094
A51: อาคารสำนักงานใหญ่ | B51: ฝ่ายบัญชี | C51: 2 | D51: อุปกรณ์กระจายสัญญาณเครือข่ายแบบที่ 4 (Access Switch Type 4) | E51: Cisco /C9300L-24UXG-4X | F51: 6 | G51: 5 | H51: 46078 | I51: 46081 | J51: 46078 | K51: 46080 | L51: Complete | M51: ย้าย1 ตัวไปฝ่ายอำนวยการกลาง | N51: 5 | O51: 5 | P51: 5 | Q51: =IF($G51=0,1,(N51+O51+P51)/($G51*3)) -> 1 | S51: =IF(ISNUMBER(SEARCH("Access Point",D51)),"AP",IF(OR(ISNUMBER(SEARCH("Switch",D51)),ISNUMBER(SEARCH("Control Type",D51))),"Switch","Infra")) -> Switch | T51: =$H$51 -> 46078 | U51: =$J$51 -> 46078 | V51: =$I51 -> 46081
A52: อาคารสำนักงานใหญ่ | B52: ฝ่ายพัฒนาทรัพยากรบุคคล | C52: 3 | D52: อุปกรณ์กระจายสัญญาณเครือข่ายแบบที่ 4 (Access Switch Type 4) | E52: Cisco /C9300L-24UXG-4X | F52: 6 | G52: 6 | H52: 46080 | I52: 46083 | J52: 46080 | K52: 46084 | L52: Complete | N52: 6 | O52: 6 | P52: 6 | Q52: =IF($G52=0,1,(N52+O52+P52)/($G52*3)) -> 1 | S52: =IF(ISNUMBER(SEARCH("Access Point",D52)),"AP",IF(OR(ISNUMBER(SEARCH("Switch",D52)),ISNUMBER(SEARCH("Control Type",D52))),"Switch","Infra")) -> Switch | T52: =$H$52 -> 46080 | U52: =$J$52 -> 46080 | V52: =$I52 -> 46083
A53: อาคารสำนักงานใหญ่ | B53: สำนักงานตรวจสอบ AUDIT OFFICE | C53: 4 | D53: อุปกรณ์กระจายสัญญาณเครือข่ายแบบที่ 4 (Access Switch Type 4) | E53: Cisco /C9300L-24UXG-4X | F53: 6 | G53: 6 | H53: 46083 | I53: 46086 | J53: 46085 | K53: 46085 | L53: Complete | N53: 6 | O53: 6 | P53: 6 | Q53: =IF($G53=0,1,(N53+O53+P53)/($G53*3)) -> 1 | S53: =IF(ISNUMBER(SEARCH("Access Point",D53)),"AP",IF(OR(ISNUMBER(SEARCH("Switch",D53)),ISNUMBER(SEARCH("Control Type",D53))),"Switch","Infra")) -> Switch | T53: =$H$53 -> 46083 | U53: =$J$53 -> 46085 | V53: =$I53 -> 46086
A54: อาคารสำนักงานใหญ่ | B54: ห้องฝ่ายอำนวยการกลาง | C54: 1 | D54: อุปกรณ์กระจายสัญญาณเครือข่ายแบบที่ 4 (Access Switch Type 4) | E54: Cisco /C9300L-24UXG-4X | F54: 3 | G54: 3 | H54: 46076 | I54: 46079 | J54: 46076 | K54: 46078 | L54: Complete | M54: ชื่อห้องเดิมคือ ศูนย์รับ-ส่งหนังสือภายใน ทอท. | N54: 3 | O54: 3 | P54: 3 | Q54: =IF($G54=0,1,(N54+O54+P54)/($G54*3)) -> 1 | S54: =IF(ISNUMBER(SEARCH("Access Point",D54)),"AP",IF(OR(ISNUMBER(SEARCH("Switch",D54)),ISNUMBER(SEARCH("Control Type",D54))),"Switch","Infra")) -> Switch | T54: =$H$54 -> 46076 | U54: =$J$54 -> 46076 | V54: =$I54 -> 46079
A55: อาคารสำนักงานใหญ่ | B55: หน้าห้องประชุม ทอท. | C55: 6 | D55: อุปกรณ์กระจายสัญญาณเครือข่ายแบบที่ 4 (Access Switch Type 4) | E55: Cisco /C9300L-24UXG-4X | F55: 2 | G55: 2 | H55: 46097 | I55: 46098 | J55: 46097 | K55: 46098 | L55: Complete | N55: 2 | O55: 2 | P55: 2 | Q55: =IF($G55=0,1,(N55+O55+P55)/($G55*3)) -> 1 | S55: =IF(ISNUMBER(SEARCH("Access Point",D55)),"AP",IF(OR(ISNUMBER(SEARCH("Switch",D55)),ISNUMBER(SEARCH("Control Type",D55))),"Switch","Infra")) -> Switch | T55: =$H$55 -> 46097 | U55: =$J$55 -> 46097 | V55: =$I55 -> 46098
A56: อาคารสำนักงานใหญ่ | B56: ชั้น 7 ห้องไฟฟ้า | C56: 7 | D56: อุปกรณ์กระจายสัญญาณเครือข่ายแบบที่ 4 (Access Switch Type 4) | E56: Cisco /C9300L-24UXG-4X | F56: 2 | G56: 2 | H56: 46097 | I56: 46098 | J56: 46100 | K56: 46101 | L56: Complete | M56: ชื่อห้องเดิมคือ ห้องควบคุมไฟฟ้า ชั้น 7 | N56: 2 | O56: 2 | P56: 2 | Q56: =IF($G56=0,1,(N56+O56+P56)/($G56*3)) -> 1 | S56: =IF(ISNUMBER(SEARCH("Access Point",D56)),"AP",IF(OR(ISNUMBER(SEARCH("Switch",D56)),ISNUMBER(SEARCH("Control Type",D56))),"Switch","Infra")) -> Switch | T56: =$H$56 -> 46097 | U56: =$J$56 -> 46100 | V56: =$I56 -> 46098
A57: อาคารสำนักงานใหญ่ | B57: ห้องประชุมใหญ่ ทอท. | C57: 3 | D57: อุปกรณ์กระจายสัญญาณเครือข่ายแบบที่ 4 (Access Switch Type 4) | E57: Cisco /C9300L-24UXG-4X | F57: 1 | G57: 1 | H57: 46080 | I57: 46083 | J57: 46080 | K57: 46084 | L57: Complete | N57: 1 | O57: 1 | P57: 1 | Q57: =IF($G57=0,1,(N57+O57+P57)/($G57*3)) -> 1 | S57: =IF(ISNUMBER(SEARCH("Access Point",D57)),"AP",IF(OR(ISNUMBER(SEARCH("Switch",D57)),ISNUMBER(SEARCH("Control Type",D57))),"Switch","Infra")) -> Switch | T57: =$H$57 -> 46080 | U57: =$J$57 -> 46080 | V57: =$I57 -> 46083
A58: อาคารสโมสรท่าอากาศยาน - สทย. (สงทภ.) | B58: ห้อง AHU | C58: 1 | D58: อุปกรณ์กระจายสัญญาณเครือข่ายแบบที่ 2 (Access Switch Type 2) | E58: Cisco /C9300L-24T-4X | F58: 3 | G58: 3 | H58: 46105 | I58: 46092 | J58: 46102 | K58: 46106 | L58: Complete | M58: ชื่อห้องเดิมคือ ห้องไฟฟ้า | N58: 3 | O58: 3 | P58: 3 | Q58: =IF($G58=0,1,(N58+O58+P58)/($G58*3)) -> 1 | S58: =IF(ISNUMBER(SEARCH("Access Point",D58)),"AP",IF(OR(ISNUMBER(SEARCH("Switch",D58)),ISNUMBER(SEARCH("Control Type",D58))),"Switch","Infra")) -> Switch | T58: =$H$58 -> 46105 | U58: =$J$58 -> 46102 | V58: =$I$58 -> 46092
A59: อาคารสโมสรท่าอากาศยาน - สทย. (สงทภ.) | B59: ห้อง AHU | D59: อุปกรณ์กระจายสัญญาณเครือข่ายแบบที่ 4 (Access Switch Type 4) | E59: Cisco /C9300L-24UXG-4X | F59: 1 | G59: 1 | N59: 1 | O59: 1 | P59: 1 | Q59: =IF($G59=0,1,(N59+O59+P59)/($G59*3)) -> 1 | S59: =IF(ISNUMBER(SEARCH("Access Point",D59)),"AP",IF(OR(ISNUMBER(SEARCH("Switch",D59)),ISNUMBER(SEARCH("Control Type",D59))),"Switch","Infra")) -> Switch | T59: =$H$58 -> 46105 | U59: =$J$58 -> 46102 | V59: =$I$58 -> 46092
A60: อาคารสโมสรท่าอากาศยาน - สทย. (สงทภ.) | B60: ฝ่ายสิ่งแวดล้อม | C60: 1 | D60: อุปกรณ์กระจายสัญญาณเครือข่ายแบบที่ 2 (Access Switch Type 2) | E60: Cisco /C9300L-24T-4X | F60: 1 | G60: 2 | H60: 46105 | I60: 46092 | J60: 46102 | K60: 46102 | L60: Complete | M60: เพิ่มจาก TOR 1 ตัว จาก สงวท ห้องไฟฟ้าชั้น 1 | N60: 2 | O60: 2 | P60: 2 | Q60: =IF($G60=0,1,(N60+O60+P60)/($G60*3)) -> 1 | S60: =IF(ISNUMBER(SEARCH("Access Point",D60)),"AP",IF(OR(ISNUMBER(SEARCH("Switch",D60)),ISNUMBER(SEARCH("Control Type",D60))),"Switch","Infra")) -> Switch | T60: =$H$60 -> 46105 | U60: =$J$60 -> 46102 | V60: =$I$60 -> 46092
A61: อาคารสโมสรท่าอากาศยาน - สทย. (สงทภ.) | B61: ฝ่ายสิ่งแวดล้อม | D61: อุปกรณ์กระจายสัญญาณเครือข่ายแบบที่ 4 (Access Switch Type 4) | E61: Cisco /C9300L-24UXG-4X | F61: 1 | G61: 1 | N61: 1 | O61: 1 | P61: 1 | Q61: =IF($G61=0,1,(N61+O61+P61)/($G61*3)) -> 1 | S61: =IF(ISNUMBER(SEARCH("Access Point",D61)),"AP",IF(OR(ISNUMBER(SEARCH("Switch",D61)),ISNUMBER(SEARCH("Control Type",D61))),"Switch","Infra")) -> Switch | T61: =$H$60 -> 46105 | U61: =$J$60 -> 46102 | V61: =$I$60 -> 46092
A62: อาคารสโมสรท่าอากาศยาน - สทย. (สงทภ.) | B62: ห้องสมุดและศูนย์ข้อมูลข่าวสาร ทอท. | C62: 2 | D62: อุปกรณ์กระจายสัญญาณเครือข่ายแบบที่ 2 (Access Switch Type 2) | E62: Cisco /C9300L-24T-4X | F62: 1 | G62: 2 | H62: 46106 | I62: 46092 | J62: 46104 | K62: 46104 | L62: Complete | M62: ชื่อห้องเดิมคือ ห้องสมุด เพิ่ม 1 ตัว นำมาจาก นำมาจาก อาคาร สงวท. เพิ่มT2จาก TOR 1 ตัว จาก สงวท ห้องไฟฟ้าชั้น 1 และย้าย T4 ไป สำนักงานวิศวกรรมโครงการ | N62: 2 | O62: 2 | P62: 2 | Q62: =IF($G62=0,1,(N62+O62+P62)/($G62*3)) -> 1 | S62: =IF(ISNUMBER(SEARCH("Access Point",D62)),"AP",IF(OR(ISNUMBER(SEARCH("Switch",D62)),ISNUMBER(SEARCH("Control Type",D62))),"Switch","Infra")) -> Switch | T62: =$H$62 -> 46106 | U62: =$J$62 -> 46104 | V62: =$I$62 -> 46092
A63: อาคารสโมสรท่าอากาศยาน - สทย. (สงทภ.) | B63: ห้องสมุดและศูนย์ข้อมูลข่าวสาร ทอท. | D63: อุปกรณ์กระจายสัญญาณเครือข่ายแบบที่ 4 (Access Switch Type 4) | E63: Cisco /C9300L-24UXG-4X | F63: 1 | G63: 0 | N63: 0 | O63: 0 | P63: 0 | Q63: =IF($G63=0,1,(N63+O63+P63)/($G63*3)) -> 1 | S63: =IF(ISNUMBER(SEARCH("Access Point",D63)),"AP",IF(OR(ISNUMBER(SEARCH("Switch",D63)),ISNUMBER(SEARCH("Control Type",D63))),"Switch","Infra")) -> Switch | T63: =$H$62 -> 46106 | U63: =$J$62 -> 46104 | V63: =$I$62 -> 46092
A64: อาคารจอดรถ | B64: ห้องสื่อสาร | C64: 2 | D64: อุปกรณ์กระจายสัญญาณเครือข่ายแบบที่ 2 (Access Switch Type 2) | E64: Cisco /C9300L-24T-4X | F64: 4 | G64: 4 | H64: 46113 | I64: 46093 | J64: 46113 | K64: 46113 | L64: Complete | M64: ชื่อห้องเดิมคือ ห้องตรงอาคารจอดรถเสา 2F | N64: 4 | O64: 4 | P64: 4 | Q64: =IF($G64=0,1,(N64+O64+P64)/($G64*3)) -> 1 | S64: =IF(ISNUMBER(SEARCH("Access Point",D64)),"AP",IF(OR(ISNUMBER(SEARCH("Switch",D64)),ISNUMBER(SEARCH("Control Type",D64))),"Switch","Infra")) -> Switch | T64: =$H$64 -> 46113 | U64: =$J$64 -> 46113 | V64: =$I$64 -> 46093
A65: อาคารจอดรถ | B65: ห้องสื่อสาร | D65: อุปกรณ์กระจายสัญญาณเครือข่ายแบบที่ 4 (Access Switch Type 4) | E65: Cisco /C9300L-24UXG-4X | F65: 2 | G65: 2 | N65: 2 | O65: 2 | P65: 2 | Q65: =IF($G65=0,1,(N65+O65+P65)/($G65*3)) -> 1 | S65: =IF(ISNUMBER(SEARCH("Access Point",D65)),"AP",IF(OR(ISNUMBER(SEARCH("Switch",D65)),ISNUMBER(SEARCH("Control Type",D65))),"Switch","Infra")) -> Switch | T65: =$H$64 -> 46113 | U65: =$J$64 -> 46113 | V65: =$I$64 -> 46093
A66: อาคารจอดรถ | B66: สำนักงานวิศวกรรมโครงการ | C66: 2 | D66: อุปกรณ์กระจายสัญญาณเครือข่ายแบบที่ 2 (Access Switch Type 2) | E66: Cisco /C9300L-24T-4X | F66: 3 | G66: 2 | H66: 46113 | I66: 46093 | J66: 46113 | K66: 46113 | L66: Complete | M66: ชื่อห้องเดิมคือ ฝ่ายวิศวะกรรมโครงการ ย้าย TPYE 4 ไปชั้น 4 สงวท 1 ตัว นำ Type 2 ไป เจ๊เล้ง 1 ตัว | N66: 2 | O66: 2 | P66: 2 | Q66: =IF($G66=0,1,(N66+O66+P66)/($G66*3)) -> 1 | S66: =IF(ISNUMBER(SEARCH("Access Point",D66)),"AP",IF(OR(ISNUMBER(SEARCH("Switch",D66)),ISNUMBER(SEARCH("Control Type",D66))),"Switch","Infra")) -> Switch | T66: =$H$66 -> 46113 | U66: =$J$66 -> 46113 | V66: =$I$66 -> 46093
A67: อาคารจอดรถ | B67: สำนักงานวิศวกรรมโครงการ | D67: อุปกรณ์กระจายสัญญาณเครือข่ายแบบที่ 4 (Access Switch Type 4) | E67: Cisco /C9300L-24UXG-4X | F67: 2 | G67: 1 | N67: 1 | O67: 1 | P67: 1 | Q67: =IF($G67=0,1,(N67+O67+P67)/($G67*3)) -> 1 | S67: =IF(ISNUMBER(SEARCH("Access Point",D67)),"AP",IF(OR(ISNUMBER(SEARCH("Switch",D67)),ISNUMBER(SEARCH("Control Type",D67))),"Switch","Infra")) -> Switch | T67: =$H$66 -> 46113 | U67: =$J$66 -> 46113 | V67: =$I$66 -> 46093
A68: คลังพัสดุ | B68: คลังพัสดุ (เจ้เล้ง) | C68: 1 | D68: อุปกรณ์กระจายสัญญาณเครือข่ายแบบที่ 2 (Access Switch Type 2) | E68: Cisco /C9300L-24T-4X | F68: 2 | G68: 3 | H68: 46108 | I68: 46094 | L68: Complete | M68: นำ Type 2 มาจาก อาคารจอดรถ ห้องวิศวกรรม 1 ตัว | N68: 3 | O68: 3 | P68: 3 | Q68: =IF($G68=0,1,(N68+O68+P68)/($G68*3)) -> 1 | S68: =IF(ISNUMBER(SEARCH("Access Point",D68)),"AP",IF(OR(ISNUMBER(SEARCH("Switch",D68)),ISNUMBER(SEARCH("Control Type",D68))),"Switch","Infra")) -> Switch | T68: =$H$68 -> 46108 | U68: =$J$68 -> 0 | V68: =$I$68 -> 46094
A69: สถานีไฟฟ้าย่อย 1 อาคารข้างหลัง | B69: ห้องเก็บของ | C69: 1 | D69: อุปกรณ์กระจายสัญญาณเครือข่ายแบบที่ 2 (Access Switch Type 2) | E69: Cisco /C9300L-24T-4X | F69: 1 | G69: 1 | H69: 46108 | I69: 46094 | J69: 46113 | L69: Complete | N69: 1 | O69: 1 | P69: 1 | Q69: =IF($G69=0,1,(N69+O69+P69)/($G69*3)) -> 1 | S69: =IF(ISNUMBER(SEARCH("Access Point",D69)),"AP",IF(OR(ISNUMBER(SEARCH("Switch",D69)),ISNUMBER(SEARCH("Control Type",D69))),"Switch","Infra")) -> Switch | T69: =$H$69 -> 46108 | U69: =$J$69 -> 46113 | V69: =$I$69 -> 46094
A70: สำนักแพทย์ | B70: ห้องตรวจ 2 | C70: 1 | D70: อุปกรณ์กระจายสัญญาณเครือข่ายแบบที่ 2 (Access Switch Type 2) | E70: Cisco /C9300L-24T-4X | F70: 1 | G70: 1 | H70: 46108 | I70: 46094 | J70: 46106 | K70: 46107 | L70: Complete | M70: ชื่อห้องเดิมคือ สำนักแพทย์ | N70: 1 | O70: 1 | P70: 1 | Q70: =IF($G70=0,1,(N70+O70+P70)/($G70*3)) -> 1 | S70: =IF(ISNUMBER(SEARCH("Access Point",D70)),"AP",IF(OR(ISNUMBER(SEARCH("Switch",D70)),ISNUMBER(SEARCH("Control Type",D70))),"Switch","Infra")) -> Switch | T70: =$H$70 -> 46108 | U70: =$J$70 -> 46106 | V70: =$I$70 -> 46094
A71: สำนักแพทย์ | B71: ห้องตรวจ 2 | D71: อุปกรณ์กระจายสัญญาณเครือข่ายแบบที่ 4 (Access Switch Type 4) | E71: Cisco /C9300L-24UXG-4X | F71: 1 | G71: 1 | N71: 1 | O71: 1 | P71: 1 | Q71: =IF($G71=0,1,(N71+O71+P71)/($G71*3)) -> 1 | S71: =IF(ISNUMBER(SEARCH("Access Point",D71)),"AP",IF(OR(ISNUMBER(SEARCH("Switch",D71)),ISNUMBER(SEARCH("Control Type",D71))),"Switch","Infra")) -> Switch | T71: =$H$70 -> 46108 | U71: =$J$70 -> 46106 | V71: =$I$70 -> 46094
A72: อาคารกองประปา | B72: ห้องธุรการ | C72: 1 | D72: อุปกรณ์กระจายสัญญาณเครือข่ายแบบที่ 2 (Access Switch Type 2) | E72: Cisco /C9300L-24T-4X | F72: 1 | G72: 1 | H72: 46115 | I72: 46094 | J72: 46108 | K72: 46108 | L72: Complete | M72: ชื่อห้องเดิมคือ สำนักงาน | N72: 1 | O72: 1 | P72: 1 | Q72: =IF($G72=0,1,(N72+O72+P72)/($G72*3)) -> 1 | S72: =IF(ISNUMBER(SEARCH("Access Point",D72)),"AP",IF(OR(ISNUMBER(SEARCH("Switch",D72)),ISNUMBER(SEARCH("Control Type",D72))),"Switch","Infra")) -> Switch | T72: =$H$72 -> 46115 | U72: =$J$72 -> 46108 | V72: =$I$72 -> 46094
A73: อาคารกองประปา | B73: ห้องธุรการ | D73: อุปกรณ์กระจายสัญญาณเครือข่ายแบบที่ 4 (Access Switch Type 4) | E73: Cisco /C9300L-24UXG-4X | F73: 1 | G73: 1 | N73: 1 | O73: 1 | P73: 1 | Q73: =IF($G73=0,1,(N73+O73+P73)/($G73*3)) -> 1 | S73: =IF(ISNUMBER(SEARCH("Access Point",D73)),"AP",IF(OR(ISNUMBER(SEARCH("Switch",D73)),ISNUMBER(SEARCH("Control Type",D73))),"Switch","Infra")) -> Switch | T73: =$H$72 -> 46115 | U73: =$J$72 -> 46108 | V73: =$I$72 -> 46094
A74: อาคารกองอาคาร | B74: สำนักงาน | C74: 1 | D74: อุปกรณ์กระจายสัญญาณเครือข่ายแบบที่ 2 (Access Switch Type 2) | E74: Cisco /C9300L-24T-4X | F74: 1 | G74: 1 | H74: 46118 | I74: 46094 | J74: 46108 | K74: 46108 | L74: Complete | N74: 1 | O74: 1 | P74: 1 | Q74: =IF($G74=0,1,(N74+O74+P74)/($G74*3)) -> 1 | S74: =IF(ISNUMBER(SEARCH("Access Point",D74)),"AP",IF(OR(ISNUMBER(SEARCH("Switch",D74)),ISNUMBER(SEARCH("Control Type",D74))),"Switch","Infra")) -> Switch | T74: =$H$74 -> 46118 | U74: =$J$74 -> 46108 | V74: =$I$74 -> 46094
A75: อาคารกองอาคาร | B75: สำนักงาน | D75: อุปกรณ์กระจายสัญญาณเครือข่ายแบบที่ 4 (Access Switch Type 4) | E75: Cisco /C9300L-24UXG-4X | F75: 1 | G75: 1 | N75: 1 | O75: 1 | P75: 1 | Q75: =IF($G75=0,1,(N75+O75+P75)/($G75*3)) -> 1 | S75: =IF(ISNUMBER(SEARCH("Access Point",D75)),"AP",IF(OR(ISNUMBER(SEARCH("Switch",D75)),ISNUMBER(SEARCH("Control Type",D75))),"Switch","Infra")) -> Switch | T75: =$H$74 -> 46118 | U75: =$J$74 -> 46108 | V75: =$I$74 -> 46094
A76: อาคารบำบัดน้ำเสีย | B76: สำนักงาน | C76: 1 | D76: อุปกรณ์กระจายสัญญาณเครือข่ายแบบที่ 2 (Access Switch Type 2) | E76: Cisco /C9300L-24T-4X | F76: 1 | G76: 1 | H76: 46118 | I76: 46094 | J76: 46108 | K76: 46108 | L76: Complete | N76: 1 | O76: 1 | P76: 1 | Q76: =IF($G76=0,1,(N76+O76+P76)/($G76*3)) -> 1 | S76: =IF(ISNUMBER(SEARCH("Access Point",D76)),"AP",IF(OR(ISNUMBER(SEARCH("Switch",D76)),ISNUMBER(SEARCH("Control Type",D76))),"Switch","Infra")) -> Switch | T76: =$H$76 -> 46118 | U76: =$J$76 -> 46108 | V76: =$I$76 -> 46094
A77: อาคารบำบัดน้ำเสีย | B77: สำนักงาน | D77: อุปกรณ์กระจายสัญญาณเครือข่ายแบบที่ 4 (Access Switch Type 4) | E77: Cisco /C9300L-24UXG-4X | F77: 1 | G77: 1 | N77: 1 | O77: 1 | P77: 1 | Q77: =IF($G77=0,1,(N77+O77+P77)/($G77*3)) -> 1 | S77: =IF(ISNUMBER(SEARCH("Access Point",D77)),"AP",IF(OR(ISNUMBER(SEARCH("Switch",D77)),ISNUMBER(SEARCH("Control Type",D77))),"Switch","Infra")) -> Switch | T77: =$H$76 -> 46118 | U77: =$J$76 -> 46108 | V77: =$I$76 -> 46094
A78: อาคารผู้โดยสายภายในประเทศ (T2) | B78: ห้อง 1714 (MDF) | C78: 1 | D78: อุปกรณ์กระจายสัญญาณเครือข่ายแบบที่ 2 (Access Switch Type 2) | E78: Cisco /C9300L-24T-4X | F78: 1 | G78: 1 | H78: 46119 | I78: 46094 | N78: 0 | O78: 0 | P78: 0 | Q78: =IF($G78=0,1,(N78+O78+P78)/($G78*3)) -> 0 | S78: =IF(ISNUMBER(SEARCH("Access Point",D78)),"AP",IF(OR(ISNUMBER(SEARCH("Switch",D78)),ISNUMBER(SEARCH("Control Type",D78))),"Switch","Infra")) -> Switch | T78: =$H$78 -> 46119 | U78: =$J$78 -> 0 | V78: =$I$78 -> 46094
A79: อาคารเสริมสร้างพลานามัย | B79: ห้องเก็บของ | C79: 1 | D79: อุปกรณ์กระจายสัญญาณเครือข่ายแบบที่ 2 (Access Switch Type 2) | E79: Cisco /C9300L-24T-4X | F79: 1 | G79: 1 | H79: 46119 | I79: 46094 | J79: 46112 | K79: 46112 | L79: Complete | M79: ชื่อห้องเดิมคือ ห้อง SIS | N79: 1 | O79: 1 | P79: 1 | Q79: =IF($G79=0,1,(N79+O79+P79)/($G79*3)) -> 1 | S79: =IF(ISNUMBER(SEARCH("Access Point",D79)),"AP",IF(OR(ISNUMBER(SEARCH("Switch",D79)),ISNUMBER(SEARCH("Control Type",D79))),"Switch","Infra")) -> Switch | T79: =$H$79 -> 46119 | U79: =$J$79 -> 46112 | V79: =$I$79 -> 46094
A80: อาคารเสริมสร้างพลานามัย | B80: ห้องเก็บของ | D80: อุปกรณ์กระจายสัญญาณเครือข่ายแบบที่ 4 (Access Switch Type 4) | E80: Cisco /C9300L-24UXG-4X | F80: 1 | G80: 1 | N80: 1 | O80: 1 | P80: 1 | Q80: =IF($G80=0,1,(N80+O80+P80)/($G80*3)) -> 1 | S80: =IF(ISNUMBER(SEARCH("Access Point",D80)),"AP",IF(OR(ISNUMBER(SEARCH("Switch",D80)),ISNUMBER(SEARCH("Control Type",D80))),"Switch","Infra")) -> Switch | T80: =$H$79 -> 46119 | U80: =$J$79 -> 46112 | V80: =$I$79 -> 46094
A81: อาคารเสริมสร้างพลานามัย | B81: ห้องสำนักงานสมาคมสโมสรท่าอากาศยาน | C81: 1 | D81: อุปกรณ์กระจายสัญญาณเครือข่ายแบบที่ 4 (Access Switch Type 4) | E81: Cisco /C9300L-24UXG-4X | F81: 1 | G81: 1 | H81: 46120 | I81: 46094 | J81: 46112 | K81: 46112 | L81: Complete | M81: ชื่อห้องเดิมคือ ห้องกีฬาอเนกประสงค์ 2 | N81: 1 | O81: 1 | P81: 1 | Q81: =IF($G81=0,1,(N81+O81+P81)/($G81*3)) -> 1 | S81: =IF(ISNUMBER(SEARCH("Access Point",D81)),"AP",IF(OR(ISNUMBER(SEARCH("Switch",D81)),ISNUMBER(SEARCH("Control Type",D81))),"Switch","Infra")) -> Switch | T81: =$H$81 -> 46120 | U81: =$J$81 -> 46112 | V81: =$I$81 -> 46094
A82: อาคารสันทนาการ สนญ. | B82: ฝ่ายสิ่งแวดล้อม | C82: 1 | D82: อุปกรณ์กระจายสัญญาณเครือข่ายแบบที่ 4 (Access Switch Type 4) | E82: Cisco /C9300L-24UXG-4X | F82: 2 | G82: 2 | H82: 46120 | I82: 46094 | J82: 46102 | K82: 46102 | L82: Complete | M82: อาคารเดียวกับ อาคารสโมสรท่าอากาศยาน - สทย. (สงทภ.) | N82: 2 | O82: 2 | P82: 2 | Q82: =IF($G82=0,1,(N82+O82+P82)/($G82*3)) -> 1 | S82: =IF(ISNUMBER(SEARCH("Access Point",D82)),"AP",IF(OR(ISNUMBER(SEARCH("Switch",D82)),ISNUMBER(SEARCH("Control Type",D82))),"Switch","Infra")) -> Switch | T82: =$H$82 -> 46120 | U82: =$J$82 -> 46102 | V82: =$I$82 -> 46094
A83: อาคารสันทนาการ สนญ. | B83: ห้องสมุดและศูนย์ข้อมูลช่าวสาร ทอท. ห้องสมุดธรรมาภิบาล | C83: 2 | D83: อุปกรณ์กระจายสัญญาณเครือข่ายแบบที่ 4 (Access Switch Type 4) | E83: Cisco /C9300L-24UXG-4X | F83: 4 | G83: 4 | H83: 46122 | I83: =H83+2 -> 46124 | J83: 46102 | K83: 46102 | L83: Complete | M83: อาคารเดียวกับ อาคารสโมสรท่าอากาศยาน - สทย. (สงทภ.) | N83: 4 | O83: 4 | P83: 4 | Q83: =IF($G83=0,1,(N83+O83+P83)/($G83*3)) -> 1 | S83: =IF(ISNUMBER(SEARCH("Access Point",D83)),"AP",IF(OR(ISNUMBER(SEARCH("Switch",D83)),ISNUMBER(SEARCH("Control Type",D83))),"Switch","Infra")) -> Switch | T83: =$H$83 -> 46122 | U83: =$J$83 -> 46102 | V83: =$I$83 -> 46124
A84: สถานีไฟฟ้าย่อย 1 อาคารข้างหน้า | B84: ห้องแบตเตอรี่ | C84: 1 | D84: อุปกรณ์กระจายสัญญาณเครือข่ายแบบที่ 2 (Access Switch Type 2) | E84: Cisco /C9300L-24T-4X | F84: 0 | G84: 1 | H84: 46122 | I84: =H84+2 -> 46124 | J84: 46113 | L84: Pending | M84: ชื่อห้องเดิมคือ ห้องไฟฟ้า เพิ่ม Access Switch Type 2) จาก TOR 1 ตัว | N84: 1 | O84: 1 | P84: 0 | Q84: =IF($G84=0,1,(N84+O84+P84)/($G84*3)) -> 0.66666667 | R84: Link Dark Fiber HQ to ELECTRIC Crack) | S84: =IF(ISNUMBER(SEARCH("Access Point",D84)),"AP",IF(OR(ISNUMBER(SEARCH("Switch",D84)),ISNUMBER(SEARCH("Control Type",D84))),"Switch","Infra")) -> Switch | T84: =$H$83 -> 46122 | U84: =$J$83 -> 46102 | V84: =$I$84 -> 46124
A85: สถานีไฟฟ้าย่อย 1 อาคารข้างหน้า | B85: ห้องแบตเตอรี่ | C85: 1 | D85: อุปกรณ์กระจายสัญญาณเครือข่ายแบบที่ 4 (Access Switch Type 4) | E85: Cisco /C9300L-24UXG-4X | F85: 1 | G85: 1 | N85: 1 | O85: 1 | P85: 0 | Q85: =IF($G85=0,1,(N85+O85+P85)/($G85*3)) -> 0.66666667 | R85: Link Dark Fiber HQ to ELECTRIC Crack) | S85: =IF(ISNUMBER(SEARCH("Access Point",D85)),"AP",IF(OR(ISNUMBER(SEARCH("Switch",D85)),ISNUMBER(SEARCH("Control Type",D85))),"Switch","Infra")) -> Switch | T85: =$H$84 -> 46122 | U85: =$J$84 -> 46113 | V85: =$I$84 -> 46124
A86: เพิ่มเติม
A87: อาคารจอดรถ | B87: สำนักงานวิศวกรรม | C87: 2 | D87: อุปกรณ์กระจายสัญญาณเครือข่ายแบบที่ 2 (Access Switch Type 2) | E87: Cisco /C9300L-24T-4X | F87: - | G87: 1 | H87: 46113 | I87: 46093 | J87: 46113 | K87: 46113 | L87: Complete | M87: นำมาจาก อาคาร สงวท. ห้องไฟฟ้า | N87: 1 | O87: 1 | P87: 1 | Q87: =IF($G87=0,1,(N87+O87+P87)/($G87*3)) -> 1 | S87: =IF(ISNUMBER(SEARCH("Access Point",D87)),"AP",IF(OR(ISNUMBER(SEARCH("Switch",D87)),ISNUMBER(SEARCH("Control Type",D87))),"Switch","Infra")) -> Switch | T87: =$H$87 -> 46113 | U87: =$J$87 -> 46113 | V87: =$I$87 -> 46093
A88: อาคารจอดรถ | B88: สำนักงานวิศวกรรม | D88: อุปกรณ์กระจายสัญญาณเครือข่ายแบบที่ 4 (Access Switch Type 4) | E88: Cisco /C9300L-24UXG-4X | F88: - | G88: 2 | N88: 2 | O88: 2 | P88: 2 | Q88: =IF($G88=0,1,(N88+O88+P88)/($G88*3)) -> 1 | S88: =IF(ISNUMBER(SEARCH("Access Point",D88)),"AP",IF(OR(ISNUMBER(SEARCH("Switch",D88)),ISNUMBER(SEARCH("Control Type",D88))),"Switch","Infra")) -> Switch | T88: =$H$87 -> 46113 | U88: =$J$87 -> 46113 | V88: =$I$87 -> 46093
A89: อาคารสำนักงานใหญ่ | B89: ฝ่ายพัสดุ (ที่ต้องตั้ง Rack ของเดิมยึดกับ Patition) | C89: 2 | D89: อุปกรณ์กระจายสัญญาณเครือข่ายแบบที่ 2 (Access Switch Type 2) | E89: Cisco /C9300L-24T-4X | F89: - | G89: 1 | H89: 46078 | I89: 46081 | K89: 46080 | L89: Complete | M89: นำมาจาก อาคาร สงวท. ห้องไฟฟ้า | N89: 1 | O89: 1 | P89: 1 | Q89: =IF($G89=0,1,(N89+O89+P89)/($G89*3)) -> 1 | S89: =IF(ISNUMBER(SEARCH("Access Point",D89)),"AP",IF(OR(ISNUMBER(SEARCH("Switch",D89)),ISNUMBER(SEARCH("Control Type",D89))),"Switch","Infra")) -> Switch | T89: =$H$89 -> 46078 | U89: =$J$89 -> 0 | V89: =$I$89 -> 46081
E90: %Progress | F90: =SUM(F3:F89) -> 193 | G90: =SUM(G3:G89) -> 193 | N90: =SUM(N3:N89)/G90 -> 0.97409326 | O90: =SUM(O3:O89)/G90 -> 0.97409326 | P90: =SUM(P3:P89)/G90 -> 0.94818653
N91: =SUM(N3:N89) -> 188 | O91: =SUM(O3:O89) -> 188 | P91: =SUM(P3:P89) -> 183 | R91: 360
M92: เฉพาะ Access SW. 170 ชุด | R92: =P91+'HQ-WL'!Q118 -> 350 | T92: =R92/R91 -> 0.97222222
M93: =SUM(P17:P89) -> 162
M94: =M93/170 -> 0.95294118
N95: 170
N96: =N95-M93 -> 8

Sheet HQ-WL
A1: สถานที่ | B1: ชั้น | C1: ห้อง | D1: จำนวน | E1: Replace | F1: New Inst. | G1: New Cabling | H1: Migration Plan | I1: Install Date | J1: Complete Date | K1: จำนวน | L1: Replace | M1: New Inst. | N1: New Cabling | O1: Configuration | P1: Installation | Q1: Migration | R1: Total | S1: Remark | T1: วันที่เริ่ม (Helper)
A2: อาคารสำนักงานใหญ่ | B2: 1 | C2: ห้องประกวดราคา 115 | D2: 1 | E2: 1 | F2: 0 | G2: Done | H2: 244403 | K2: 1 | L2: 1 | M2: 0 | N2: Done | O2: 1 | P2: 1 | Q2: 1 | R2: =ROUNDUP(((O2+P2+Q2)/3)/K2*100%,2) -> 1 | T2: =$H$2 -> 244403
C3: สำนักงานฝ่ายพัสดุ | D3: 1 | E3: 1 | F3: 0 | G3: Done | K3: 1 | L3: 1 | M3: 0 | N3: Done | O3: 1 | P3: 1 | Q3: 1 | R3: =ROUNDUP(((O3+P3+Q3)/3)/K3*100%,2) -> 1 | T3: =$H$2 -> 244403
C4: ส่วนสัญญาและตรวจรับพัสดุ | D4: 1 | E4: 1 | F4: 0 | G4: Done | K4: 1 | L4: 1 | M4: 0 | N4: Done | O4: 1 | P4: 1 | Q4: 1 | R4: =ROUNDUP(((O4+P4+Q4)/3)/K4*100%,2) -> 1 | T4: =$H$2 -> 244403
C5: ธุรการ ฝ่ายอำนวยการกลาง | D5: 1 | E5: 1 | F5: 0 | G5: Done | K5: 1 | L5: 1 | M5: 0 | N5: Done | O5: 1 | P5: 1 | Q5: 1 | R5: =ROUNDUP(((O5+P5+Q5)/3)/K5*100%,2) -> 1 | T5: =$H$2 -> 244403
C6: ศูนย์รับ-ส่งหนังสือภายใน ทอท. | D6: 1 | E6: 1 | F6: 0 | G6: Done | K6: 1 | L6: 1 | M6: 0 | N6: Done | O6: 1 | P6: 1 | Q6: 1 | R6: =ROUNDUP(((O6+P6+Q6)/3)/K6*100%,2) -> 1 | T6: =$H$2 -> 244403
C7: โถงทางเดินทางไปลิฟท์ | D7: 1 | E7: 1 | F7: 0 | G7: Done | K7: 1 | L7: 1 | M7: 0 | N7: Done | O7: 1 | P7: 1 | Q7: 1 | R7: =ROUNDUP(((O7+P7+Q7)/3)/K7*100%,2) -> 1 | T7: =$H$2 -> 244403
C8: ห้องควบคุมระบบไฟฟ้า | D8: 1 | E8: 1 | F8: 0 | G8: Done | K8: 1 | L8: 1 | M8: 0 | N8: Done | O8: 1 | P8: 1 | Q8: 1 | R8: =ROUNDUP(((O8+P8+Q8)/3)/K8*100%,2) -> 1 | T8: =$H$2 -> 244403
C9: ฝ่ายการเงิน (กองการเงิน) | D9: 1 | E9: 1 | F9: 0 | G9: Done | K9: 1 | L9: 1 | M9: 0 | N9: Done | O9: 1 | P9: 1 | Q9: 1 | R9: =ROUNDUP(((O9+P9+Q9)/3)/K9*100%,2) -> 1 | T9: =$H$2 -> 244403
C10: ฝ่ายการเงิน (กองการบัญชี) | D10: 1 | E10: 1 | F10: 0 | G10: Done | K10: 1 | L10: 1 | M10: 0 | N10: Done | O10: 1 | P10: 1 | Q10: 1 | R10: =ROUNDUP(((O10+P10+Q10)/3)/K10*100%,2) -> 1 | T10: =$H$2 -> 244403
B11: 2 | C11: ฝ่ายอำนวยการกลาง สำนักงานบัญชีพัสดุ | D11: 2 | E11: 2 | F11: 0 | G11: Done | H11: 46082 | K11: 2 | L11: 2 | M11: 0 | N11: Done | O11: 2 | P11: 2 | Q11: 2 | R11: =ROUNDUP(((O11+P11+Q11)/3)/K11*100%,2) -> 1 | T11: =$H$11 -> 46082
C12: ฝ่ายอำนวยการกลาง งานบริหารทั่วไป | D12: 1 | E12: 1 | F12: 0 | G12: Done | K12: 1 | L12: 1 | M12: 0 | N12: Done | O12: 1 | P12: 1 | Q12: 1 | R12: =ROUNDUP(((O12+P12+Q12)/3)/K12*100%,2) -> 1 | T12: =$H$11 -> 46082
C13: ฝ่ายอำนวยการกลาง ส่วนสนับสนุนผู้บริหาร | D13: 1 | E13: 1 | F13: 0 | G13: Done | K13: 1 | L13: 1 | M13: 0 | N13: Done | O13: 1 | P13: 1 | Q13: 1 | R13: =ROUNDUP(((O13+P13+Q13)/3)/K13*100%,2) -> 1 | T13: =$H$11 -> 46082
C14: ห้องประชุม ทอท.5 | D14: 1 | E14: 1 | F14: 0 | G14: Done | K14: 1 | L14: 1 | M14: 0 | N14: Done | O14: 1 | P14: 1 | Q14: 1 | R14: =ROUNDUP(((O14+P14+Q14)/3)/K14*100%,2) -> 1 | T14: =$H$11 -> 46082
C15: ฝ่ายสื่อสารองค์กร | D15: 2 | E15: 2 | F15: 0 | G15: Done | K15: 2 | L15: 2 | M15: 0 | N15: Done | O15: 2 | P15: 2 | Q15: 2 | R15: =ROUNDUP(((O15+P15+Q15)/3)/K15*100%,2) -> 1 | T15: =$H$11 -> 46082
C16: สำนักงานตรวจเงินแผ่นดิน | D16: 1 | E16: 1 | F16: 0 | G16: Done | K16: 1 | L16: 1 | M16: 0 | N16: Done | O16: 1 | P16: 1 | Q16: 1 | R16: =ROUNDUP(((O16+P16+Q16)/3)/K16*100%,2) -> 1 | T16: =$H$11 -> 46082
C17: รองผู้อำนวยการฝ่ายบัญชี | D17: 1 | E17: 1 | F17: 0 | G17: Done | K17: 1 | L17: 1 | M17: 0 | N17: Done | O17: 1 | P17: 1 | Q17: 1 | R17: =ROUNDUP(((O17+P17+Q17)/3)/K17*100%,2) -> 1 | T17: =$H$11 -> 46082
C18: ฝ่ายบัญชี (งานการเงิน) | D18: 1 | E18: 1 | F18: 0 | G18: Done | K18: 1 | L18: 1 | M18: 0 | N18: Done | O18: 1 | P18: 1 | Q18: 1 | R18: =ROUNDUP(((O18+P18+Q18)/3)/K18*100%,2) -> 1 | T18: =$H$11 -> 46082
C19: ฝ่ายบัญชี (งานบริหารทั่วไป) | D19: 1 | E19: 1 | F19: 0 | G19: Done | K19: 1 | L19: 1 | M19: 0 | N19: Done | O19: 1 | P19: 1 | Q19: 1 | R19: =ROUNDUP(((O19+P19+Q19)/3)/K19*100%,2) -> 1 | T19: =$H$11 -> 46082
C20: โถงหน้าลิฟต์ | D20: 1 | E20: 1 | F20: 0 | G20: Done | K20: 1 | L20: 1 | M20: 0 | N20: Done | O20: 1 | P20: 1 | Q20: 1 | R20: =ROUNDUP(((O20+P20+Q20)/3)/K20*100%,2) -> 1 | T20: =$H$11 -> 46082
C21: ฝ่ายบัญชี (งานบัญชีลูกหนี้) | D21: 1 | E21: 1 | F21: 0 | G21: Done | K21: 1 | L21: 1 | M21: 0 | N21: Done | O21: 1 | P21: 1 | Q21: 1 | R21: =ROUNDUP(((O21+P21+Q21)/3)/K21*100%,2) -> 1 | T21: =$H$11 -> 46082
C22: โถงทางเดินเชื่อม | D22: 2 | E22: 2 | F22: 0 | G22: Done | K22: 2 | L22: 2 | M22: 0 | N22: Done | O22: 2 | P22: 2 | Q22: 2 | R22: =ROUNDUP(((O22+P22+Q22)/3)/K22*100%,2) -> 1 | T22: =$H$11 -> 46082
C23: สำนักงาน | D23: 1 | E23: 0 | F23: 1 | G23: Done | K23: 1 | L23: 0 | M23: 1 | N23: Done | O23: 1 | P23: 1 | Q23: 1 | R23: =ROUNDUP(((O23+P23+Q23)/3)/K23*100%,2) -> 1 | T23: =$H$11 -> 46082
... C26: หน้าห้องผู้อำนวยการฝ่ายพัสดุ | D26: 1 | E26: 0 | F26: 1 | G26: Done | K26: 1 | L26: 0 | M26: 1 | N26: Done | O26: 1 | P26: 1 | Q26: 1 | R26: =ROUNDUP(((O26+P26+Q26)/3)/K26*100%,2) -> 1 | T26: =$H$11 -> 46082
B27: 3 | C27: ฝ่ายกำกับกฎระเบียบองค์กรและป้องกันการทุจริต | D27: 1 | E27: 1 | F27: 0 | G27: Done | H27: 46085 | K27: 1 | L27: 1 | M27: 0 | N27: Done | O27: 1 | P27: 1 | Q27: 1 | R27: =ROUNDUP(((O27+P27+Q27)/3)/K27*100%,2) -> 1 | T27: =$H$27 -> 46085
C28: ห้องฝึกอบรม 1 (ส่วนพัฒนาดิจิทัลองค์กร) | D28: 1 | E28: 1 | F28: 0 | G28: Done | K28: 1 | L28: 1 | M28: 0 | N28: Done | O28: 1 | P28: 1 | Q28: 1 | R28: =ROUNDUP(((O28+P28+Q28)/3)/K28*100%,2) -> 1 | T28: =$H$27 -> 46085
C29: หน้าห้องฝึกอบรม 1 (ส่วนพัฒนาดิจิทัลองค์กร) | D29: 1 | E29: 1 | F29: 0 | G29: Done | K29: 1 | L29: 1 | M29: 0 | N29: Done | O29: 1 | P29: 1 | Q29: 1 | R29: =ROUNDUP(((O29+P29+Q29)/3)/K29*100%,2) -> 1 | T29: =$H$27 -> 46085
C30: โถงทางเดินหน้าลิฟต์ | D30: 1 | E30: 1 | F30: 0 | G30: Done | K30: 1 | L30: 1 | M30: 0 | N30: Done | O30: 1 | P30: 1 | Q30: 1 | R30: =ROUNDUP(((O30+P30+Q30)/3)/K30*100%,2) -> 1 | T30: =$H$27 -> 46085
C31: โถงทางเดิน หน้าห้องถ่ายบัตรพนักงาน | D31: 1 | E31: 1 | F31: 0 | G31: Done | K31: 1 | L31: 1 | M31: 0 | N31: Done | O31: 1 | P31: 1 | Q31: 1 | R31: =ROUNDUP(((O31+P31+Q31)/3)/K31*100%,2) -> 1 | T31: =$H$27 -> 46085
C32: สำนักงาน ฝ่ายพัฒนาทรัพยากรบุคคล | D32: 5 | E32: 5 | F32: 0 | G32: Done | K32: 5 | L32: 5 | M32: 0 | N32: Done | O32: 5 | P32: 5 | Q32: 5 | R32: =ROUNDUP(((O32+P32+Q32)/3)/K32*100%,2) -> 1 | T32: =$H$27 -> 46085
C33: ห้องประชุมใหญ่ ทอท. (AOT AUDITORIUM) | D33: 3 | E33: 3 | F33: 0 | G33: Done | K33: 3 | L33: 3 | M33: 0 | N33: Done | O33: 3 | P33: 3 | Q33: 3 | R33: =ROUNDUP(((O33+P33+Q33)/3)/K33*100%,2) -> 1 | T33: =$H$27 -> 46085
C34: สำนักงาน | D34: 1 | E34: 0 | F34: 1 | G34: Done | K34: 1 | L34: 0 | M34: 1 | N34: Done | O34: 1 | P34: 1 | Q34: 1 | R34: =ROUNDUP(((O34+P34+Q34)/3)/K34*100%,2) -> 1 | T34: =$H$27 -> 46085
B35: 4 | C35: โถงทางเดิน สำนักตรวจสอบ | D35: 3 | E35: 3 | F35: 0 | G35: Done | H35: 46087 | K35: 3 | L35: 3 | M35: 0 | N35: Done | O35: 3 | P35: 3 | Q35: 3 | R35: =ROUNDUP(((O35+P35+Q35)/3)/K35*100%,2) -> 1 | T35: =$H$35 -> 46087
C36: สำนักงาน ฝ่ายกลยุทธองค์กร / ฝ่ายงบประมาณ | D36: 8 | E36: 8 | F36: 0 | G36: Done | K36: 8 | L36: 8 | M36: 0 | N36: Done | O36: 8 | P36: 8 | Q36: 8 | R36: =ROUNDUP(((O36+P36+Q36)/3)/K36*100%,2) -> 1 | T36: =$H$35 -> 46087
C37: โถงหน้าลิฟต์ | D37: 1 | E37: 1 | F37: 0 | G37: Done | K37: 1 | L37: 1 | M37: 0 | N37: Done | O37: 1 | P37: 1 | Q37: 1 | R37: =ROUNDUP(((O37+P37+Q37)/3)/K37*100%,2) -> 1 | T37: =$H$35 -> 46087
C38: สำนักงาน | D38: 2 | E38: 0 | F38: 2 | G38: Done | K38: 2 | L38: 0 | M38: 2 | N38: Done | O38: 2 | P38: 2 | Q38: 2 | R38: =ROUNDUP(((O38+P38+Q38)/3)/K38*100%,2) -> 1 | T38: =$H$35 -> 46087
B39: 5 | C39: สำนักงานเลขานุการบริษัท (งานบริหารทั่วไป) | D39: 1 | E39: 1 | F39: 0 | G39: Done | H39: 46090 | K39: 1 | L39: 1 | M39: 0 | N39: Done | O39: 1 | P39: 1 | Q39: 1 | R39: =ROUNDUP(((O39+P39+Q39)/3)/K39*100%,2) -> 1 | T39: =$H$39 -> 46090
C40: ส่วนกิจกรรมเชิงพาณิชย์ | D40: 1 | E40: 1 | F40: 0 | G40: Done | K40: 1 | L40: 1 | M40: 0 | N40: Done | O40: 1 | P40: 1 | Q40: 1 | R40: =ROUNDUP(((O40+P40+Q40)/3)/K40*100%,2) -> 1 | T40: =$H$39 -> 46090
C41: ส่วนบริหารธุรกิจ | D41: 1 | E41: 1 | F41: 0 | G41: Done | K41: 1 | L41: 1 | M41: 0 | N41: Done | O41: 1 | P41: 1 | Q41: 1 | R41: =ROUNDUP(((O41+P41+Q41)/3)/K41*100%,2) -> 1 | T41: =$H$39 -> 46090
C42: แผนกกลยุทธ์ธุรกิจ | D42: 1 | E42: 1 | F42: 0 | G42: Done | K42: 1 | L42: 1 | M42: 0 | N42: Done | O42: 1 | P42: 1 | Q42: 1 | R42: =ROUNDUP(((O42+P42+Q42)/3)/K42*100%,2) -> 1 | T42: =$H$39 -> 46090
C43: ส่วนพัฒนาธุรกิจและการตลาด | D43: 1 | E43: 1 | F43: 0 | G43: Done | K43: 1 | L43: 1 | M43: 0 | N43: Done | O43: 1 | P43: 1 | Q43: 1 | R43: =ROUNDUP(((O43+P43+Q43)/3)/K43*100%,2) -> 1 | T43: =$H$39 -> 46090
C44: หน้าห้องผู้ชำนาญการ | D44: 1 | E44: 1 | F44: 0 | G44: Done | K44: 1 | L44: 1 | M44: 0 | N44: Done | O44: 1 | P44: 1 | Q44: 1 | R44: =ROUNDUP(((O44+P44+Q44)/3)/K44*100%,2) -> 1 | T44: =$H$39 -> 46090
C45: สำนักงานฝ่ายนิติกรรมสัญญา | D45: 1 | E45: 1 | F45: 0 | G45: Done | K45: 1 | L45: 1 | M45: 0 | N45: Done | O45: 1 | P45: 1 | Q45: 1 | R45: =ROUNDUP(((O45+P45+Q45)/3)/K45*100%,2) -> 1 | T45: =$H$39 -> 46090
C46: สำนักงานฝ่ายนิติการ | D46: 1 | E46: 1 | F46: 0 | G46: Done | K46: 1 | L46: 1 | M46: 0 | N46: Done | O46: 1 | P46: 1 | Q46: 1 | R46: =ROUNDUP(((O46+P46+Q46)/3)/K46*100%,2) -> 1 | T46: =$H$39 -> 46090
C47: สำนักงานเลขานุการบริษัท | D47: 2 | E47: 2 | F47: 0 | G47: Done | K47: 2 | L47: 2 | M47: 0 | N47: Done | O47: 2 | P47: 2 | Q47: 2 | R47: =ROUNDUP(((O47+P47+Q47)/3)/K47*100%,2) -> 1 | T47: =$H$39 -> 46090
C48: โถงทางเดินหน้าลิฟต์ | D48: 1 | E48: 1 | F48: 0 | G48: Done | K48: 1 | L48: 1 | M48: 0 | N48: Done | O48: 1 | P48: 1 | Q48: 1 | R48: =ROUNDUP(((O48+P48+Q48)/3)/K48*100%,2) -> 1 | T48: =$H$39 -> 46090
C49: สำนักงาน | D49: 2 | E49: 0 | F49: 2 | G49: Done | K49: 2 | L49: 0 | M49: 2 | N49: Done | O49: 2 | P49: 2 | Q49: 2 | R49: =ROUNDUP(((O49+P49+Q49)/3)/K49*100%,2) -> 1 | T49: =$H$39 -> 46090
B50: 6 | C50: ห้องประชุมกิจการ | D50: 3 | E50: 3 | F50: 0 | G50: Done | H50: 46092 | K50: 3 | L50: 3 | M50: 0 | N50: Done | O50: 3 | P50: 3 | Q50: 3 | R50: =ROUNDUP(((O50+P50+Q50)/3)/K50*100%,2) -> 1 | T50: =$H$50 -> 46092
C51: ห้องประชุม Telepresence สำนักงานใหญ่ ทอท. | D51: 1 | E51: 1 | F51: 0 | G51: Done | K51: 1 | L51: 1 | M51: 0 | N51: Done | O51: 1 | P51: 1 | Q51: 1 | R51: =ROUNDUP(((O51+P51+Q51)/3)/K51*100%,2) -> 1 | T51: =$H$50 -> 46092
C52: ผู้ช่วยกรรมการผู้อำนวยการใหญ่ | D52: 1 | E52: 1 | F52: 0 | G52: Done | K52: 1 | L52: 1 | M52: 0 | N52: Done | O52: 1 | P52: 1 | Q52: 1 | R52: =ROUNDUP(((O52+P52+Q52)/3)/K52*100%,2) -> 1 | T52: =$H$50 -> 46092
C53: ผู้อำนวยการสำนักงานวิศวกรรมโครงการ | D53: 1 | E53: 1 | F53: 0 | G53: Done | K53: 1 | L53: 1 | M53: 0 | N53: Done | O53: 1 | P53: 1 | Q53: 1 | R53: =ROUNDUP(((O53+P53+Q53)/3)/K53*100%,2) -> 1 | T53: =$H$50 -> 46092
C54: รองกรรมการผู้อำนวยการใหญ่ (สายงานท่าอากาศยานภูมิภาค) | D54: 1 | E54: 1 | F54: 0 | G54: Done | K54: 1 | L54: 1 | M54: 0 | N54: Done | O54: 1 | P54: 1 | Q54: 1 | R54: =ROUNDUP(((O54+P54+Q54)/3)/K54*100%,2) -> 1 | T54: =$H$50 -> 46092
C55: ผู้ช่วยกรรมการผู้อำนวยการใหญ่ (สายงานท่าอากาศยานภูมิภาค) | D55: 1 | E55: 1 | F55: 0 | G55: Done | K55: 1 | L55: 1 | M55: 0 | N55: Done | O55: 1 | P55: 1 | Q55: 1 | R55: =ROUNDUP(((O55+P55+Q55)/3)/K55*100%,2) -> 1 | T55: =$H$50 -> 46092
C56: รองกรรมการผู้อำนวยการใหญ่ (สายงานพัฒนาธุรกิจและการตลาด) | D56: 1 | E56: 1 | F56: 0 | G56: Done | K56: 1 | L56: 1 | M56: 0 | N56: Done | O56: 1 | P56: 1 | Q56: 1 | R56: =ROUNDUP(((O56+P56+Q56)/3)/K56*100%,2) -> 1 | T56: =$H$50 -> 46092
C57: รองกรรมการผู้อำนวยการใหญ่ (สายงานทรัพยากรบุคคลและอำนวยการ) | D57: 1 | E57: 1 | F57: 0 | G57: Done | K57: 1 | L57: 1 | M57: 0 | N57: Done | O57: 1 | P57: 1 | Q57: 1 | R57: =ROUNDUP(((O57+P57+Q57)/3)/K57*100%,2) -> 1 | T57: =$H$50 -> 46092
C58: รองกรรมการผู้อำนวยการใหญ่ (สายงานวิศวกรรมและการก่อสร้าง) | D58: 1 | E58: 1 | F58: 0 | G58: Done | K58: 1 | L58: 1 | M58: 0 | N58: Done | O58: 1 | P58: 1 | Q58: 1 | R58: =ROUNDUP(((O58+P58+Q58)/3)/K58*100%,2) -> 1 | T58: =$H$50 -> 46092
C59: รองกรรมการผู้อำนวยการใหญ่ (สายงานบัญชีและการเงิน) | D59: 1 | E59: 1 | F59: 0 | G59: Done | K59: 1 | L59: 1 | M59: 0 | N59: Done | O59: 1 | P59: 1 | Q59: 1 | R59: =ROUNDUP(((O59+P59+Q59)/3)/K59*100%,2) -> 1 | T59: =$H$50 -> 46092
C60: ผู้ช่วยกรรมการผู้อำนวยการใหญ่ (สายกฎหมาย) | D60: 1 | E60: 1 | F60: 0 | G60: Done | K60: 1 | L60: 1 | M60: 0 | N60: Done | O60: 1 | P60: 1 | Q60: 1 | R60: =ROUNDUP(((O60+P60+Q60)/3)/K60*100%,2) -> 1 | T60: =$H$50 -> 46092
C61: รองกรรมการผู้อำนวยการใหญ่ (สายงานยุทธศาสตร์) | D61: 1 | E61: 1 | F61: 0 | G61: Done | K61: 1 | L61: 1 | M61: 0 | N61: Done | O61: 1 | P61: 1 | Q61: 1 | R61: =ROUNDUP(((O61+P61+Q61)/3)/K61*100%,2) -> 1 | T61: =$H$50 -> 46092
C62: ผู้ช่วยกรรมการผู้อำนวยการใหญ่ (สายงานบัญชีและการเงิน) | D62: 1 | E62: 1 | F62: 0 | G62: Done | K62: 1 | L62: 1 | M62: 0 | N62: Done | O62: 1 | P62: 1 | Q62: 1 | R62: =ROUNDUP(((O62+P62+Q62)/3)/K62*100%,2) -> 1 | T62: =$H$50 -> 46092
... C65: โถงหน้าลิฟต์ | D65: 1 | E65: 1 | F65: 0 | G65: Done | K65: 1 | L65: 1 | M65: 0 | N65: Done | O65: 1 | P65: 1 | Q65: 1 | R65: =ROUNDUP(((O65+P65+Q65)/3)/K65*100%,2) -> 1 | T65: =$H$50 -> 46092
B66: 7 | C66: คณะทำงาน กอญ. | D66: 1 | E66: 1 | F66: 0 | G66: Done | H66: 46094 | K66: 1 | L66: 1 | M66: 0 | N66: Done | O66: 1 | P66: 1 | Q66: 1 | R66: =ROUNDUP(((O66+P66+Q66)/3)/K66*100%,2) -> 1 | T66: =$H$66 -> 46094
C67: กรรมการผู้อำนวยการใหญ่ | D67: 1 | E67: 1 | F67: 0 | G67: Done | K67: 1 | L67: 1 | M67: 0 | N67: Done | O67: 1 | P67: 1 | Q67: 1 | R67: =ROUNDUP(((O67+P67+Q67)/3)/K67*100%,2) -> 1 | T67: =$H$66 -> 46094
C68: ห้องประชุมกรรมการ | D68: 2 | E68: 2 | F68: 0 | G68: Done | K68: 2 | L68: 2 | M68: 0 | N68: Done | O68: 2 | P68: 2 | Q68: 2 | R68: =ROUNDUP(((O68+P68+Q68)/3)/K68*100%,2) -> 1 | T68: =$H$66 -> 46094
C69: โถงหน้าห้องประชุมกรรมการ | D69: 1 | E69: 1 | F69: 0 | G69: Done | K69: 1 | L69: 1 | M69: 0 | N69: Done | O69: 1 | P69: 1 | Q69: 1 | R69: =ROUNDUP(((O69+P69+Q69)/3)/K69*100%,2) -> 1 | T69: =$H$66 -> 46094
C70: ห้องรับรอง | D70: 1 | E70: 1 | F70: 0 | G70: Done | K70: 1 | L70: 1 | M70: 0 | N70: Done | O70: 1 | P70: 1 | Q70: 1 | R70: =ROUNDUP(((O70+P70+Q70)/3)/K70*100%,2) -> 1 | T70: =$H$66 -> 46094
C71: ห้องรับรอง / ประชุม | D71: 1 | E71: 1 | F71: 0 | G71: Done | K71: 1 | L71: 1 | M71: 0 | N71: Done | O71: 1 | P71: 1 | Q71: 1 | R71: =ROUNDUP(((O71+P71+Q71)/3)/K71*100%,2) -> 1 | T71: =$H$66 -> 46094
C72: ประธานกรรมการ | D72: 1 | E72: 1 | F72: 0 | G72: Done | K72: 1 | L72: 1 | M72: 0 | N72: Done | O72: 1 | P72: 1 | Q72: 1 | R72: =ROUNDUP(((O72+P72+Q72)/3)/K72*100%,2) -> 1 | T72: =$H$66 -> 46094
C73: โถงหน้าลิฟต์ | D73: 1 | E73: 1 | F73: 0 | G73: Done | K73: 1 | L73: 1 | M73: 0 | N73: Done | O73: 1 | P73: 1 | Q73: 1 | R73: =ROUNDUP(((O73+P73+Q73)/3)/K73*100%,2) -> 1 | T73: =$H$66 -> 46094
A74: อาคารวิศวกรรมศาสตร์และเทคโนโลยีสารสนเทศ | B74: 1 | C74: สำนักงาน ฝ่ายพัฒนาดิจิทัลโซลูชั่น | D74: 2 | E74: 2 | F74: 0 | G74: Done | H74: 46064 | K74: 2 | L74: 2 | M74: 0 | N74: Done | O74: 2 | P74: 2 | Q74: 2 | R74: =ROUNDUP(((O74+P74+Q74)/3)/K74*100%,2) -> 1 | T74: =$H$74 -> 46064
C75: ส่วนแผนและมาตรฐานสู่ความยั่งยืน ฝ่ายกิจการเพื่อสังคม | D75: 1 | E75: 1 | F75: 0 | G75: Done | K75: 1 | L75: 1 | M75: 0 | N75: Done | O75: 1 | P75: 1 | Q75: 1 | R75: =ROUNDUP(((O75+P75+Q75)/3)/K75*100%,2) -> 1 | T75: =$H$74 -> 46064
C76: สำนักงาน ฝ่ายกิจการต่างประเทศ สายงานยุทธศาสตร์ | D76: 1 | E76: 1 | F76: 0 | G76: Done | K76: 1 | L76: 1 | M76: 0 | N76: Done | O76: 1 | P76: 1 | Q76: 1 | R76: =ROUNDUP(((O76+P76+Q76)/3)/K76*100%,2) -> 1 | T76: =$H$74 -> 46064
C77: บริเวณเคาน์เตอร์แลกบัตร หน้าประตูทางเข้า | D77: 1 | E77: 1 | F77: 0 | G77: Done | K77: 1 | L77: 1 | M77: 0 | N77: Done | O77: 1 | P77: 1 | Q77: 1 | R77: =ROUNDUP(((O77+P77+Q77)/3)/K77*100%,2) -> 1 | T77: =$H$74 -> 46064
C78: หน้าห้อง ผู้อำนวยการฝ่ายกิจการเพื่อสังคม | D78: 1 | E78: 1 | F78: 0 | G78: Done | K78: 1 | L78: 1 | M78: 0 | N78: Done | O78: 1 | P78: 1 | Q78: 1 | R78: =ROUNDUP(((O78+P78+Q78)/3)/K78*100%,2) -> 1 | T78: =$H$74 -> 46064
C79: สำนักงาน ฝ่ายพัฒนาดิจิทัลโซลูชั่น | D79: 2 | E79: 2 | F79: 0 | G79: Done | K79: 2 | L79: 2 | M79: 0 | N79: Done | O79: 2 | P79: 2 | Q79: 2 | R79: =ROUNDUP(((O79+P79+Q79)/3)/K79*100%,2) -> 1 | T79: =$H$74 -> 46064
C80: หน้าห้อง ฝ่ายพัฒนาดิจิทัลโซลูชั่น | D80: 1 | E80: 1 | F80: 0 | G80: Done | K80: 1 | L80: 1 | M80: 0 | N80: Done | O80: 1 | P80: 1 | Q80: 1 | R80: =ROUNDUP(((O80+P80+Q80)/3)/K80*100%,2) -> 1 | T80: =$H$74 -> 46064
C81: สำนักงาน ฝ่ายกิจการต่างประเทศ สายงานยุทธศาสตร์ | D81: 1 | E81: 1 | F81: 0 | G81: Done | K81: 1 | L81: 1 | M81: 0 | N81: Done | O81: 1 | P81: 1 | Q81: 1 | R81: =ROUNDUP(((O81+P81+Q81)/3)/K81*100%,2) -> 1 | T81: =$H$74 -> 46064
C82: ห้องประชุม ฝพช. | D82: 1 | E82: 1 | F82: 0 | G82: Done | K82: 1 | L82: 1 | M82: 0 | N82: Done | O82: 1 | P82: 1 | Q82: 1 | R82: =ROUNDUP(((O82+P82+Q82)/3)/K82*100%,2) -> 1 | T82: =$H$74 -> 46064
C83: โถงหน้าลิฟต์ | D83: 1 | E83: 1 | F83: 0 | G83: Done | K83: 1 | L83: 1 | M83: 0 | N83: Done | O83: 1 | P83: 1 | Q83: 1 | R83: =ROUNDUP(((O83+P83+Q83)/3)/K83*100%,2) -> 1 | T83: =$H$74 -> 46064
B84: 2 | C84: สำนักงาน ฝ่ายระบบคอมพิวเตอร์และเครือข่าย | D84: 4 | E84: 4 | F84: 0 | G84: Done | H84: 46056 | K84: 4 | L84: 4 | M84: 0 | N84: Done | O84: 4 | P84: 4 | Q84: 4 | R84: =ROUNDUP(((O84+P84+Q84)/3)/K84*100%,2) -> 1 | T84: =$H$84 -> 46056
C85: ห้องประชุม ฝ่ายระบบคอมพิวเตอร์และเครือข่าย | D85: 1 | E85: 1 | F85: 0 | G85: Done | K85: 1 | L85: 1 | M85: 0 | N85: Done | O85: 1 | P85: 1 | Q85: 1 | R85: =ROUNDUP(((O85+P85+Q85)/3)/K85*100%,2) -> 1 | T85: =$H$84 -> 46056
C86: Data Center | D86: 1 | E86: 0 | F86: 1 | G86: Done | K86: 1 | L86: 0 | M86: 1 | N86: Done | O86: 1 | P86: 1 | Q86: 1 | R86: =ROUNDUP(((O86+P86+Q86)/3)/K86*100%,2) -> 1 | T86: =$H$84 -> 46056
C87: สำนักงาน | D87: 1 | E87: 0 | F87: 1 | G87: Done | K87: 1 | L87: 0 | M87: 1 | N87: Done | O87: 1 | P87: 1 | Q87: 1 | R87: =ROUNDUP(((O87+P87+Q87)/3)/K87*100%,2) -> 1 | T87: =$H$84 -> 46056
B88: 3 | C88: สำนักงาน ฝ่ายกลยุทธ์นวัตกรรม | D88: 1 | E88: 1 | F88: 0 | G88: Done | H88: 46071 | K88: 1 | L88: 1 | M88: 0 | N88: Done | O88: 1 | P88: 1 | Q88: 1 | R88: =ROUNDUP(((O88+P88+Q88)/3)/K88*100%,2) -> 1 | T88: =$H$88 -> 46071
C89: ห้องประชุม นวัตกรรม | D89: 1 | E89: 1 | F89: 0 | G89: Done | K89: 1 | L89: 1 | M89: 0 | N89: Done | O89: 1 | P89: 1 | Q89: 1 | R89: =ROUNDUP(((O89+P89+Q89)/3)/K89*100%,2) -> 1 | T89: =$H$88 -> 46071
C90: หน้าห้อง ผอ.ส่วนปฏิบัติการนวัตกรรม | D90: 1 | E90: 1 | F90: 0 | G90: Done | K90: 1 | L90: 1 | M90: 0 | N90: Done | O90: 1 | P90: 1 | Q90: 1 | R90: =ROUNDUP(((O90+P90+Q90)/3)/K90*100%,2) -> 1 | T90: =$H$88 -> 46071
C91: สำนักงาน ฝ่ายกลยุทธ์นวัตกรรม บริเวณโต๊ะกินข้าว | D91: 1 | E91: 1 | F91: 0 | G91: Done | K91: 1 | L91: 1 | M91: 0 | N91: Done | O91: 1 | P91: 1 | Q91: 1 | R91: =ROUNDUP(((O91+P91+Q91)/3)/K91*100%,2) -> 1 | T91: =$H$88 -> 46071
C92: โถงหน้าลิฟต์ | D92: 1 | E92: 1 | F92: 0 | G92: Done | K92: 1 | L92: 1 | M92: 0 | N92: Done | O92: 1 | P92: 1 | Q92: 1 | R92: =ROUNDUP(((O92+P92+Q92)/3)/K92*100%,2) -> 1 | T92: =$H$88 -> 46071
C93: สำนักงาน ฝ่ายกลยุทธ์นวัตกรรม | D93: 4 | E93: 4 | F93: 0 | G93: Done | K93: 4 | L93: 4 | M93: 0 | N93: Done | O93: 4 | P93: 4 | Q93: 4 | R93: =ROUNDUP(((O93+P93+Q93)/3)/K93*100%,2) -> 1 | T93: =$H$88 -> 46071
B94: 4 | C94: สำนักงาน | D94: 3 | E94: 0 | F94: 3 | G94: Done | H94: 46073 | K94: 3 | L94: 0 | M94: 3 | N94: Done | O94: 3 | P94: 3 | Q94: 3 | R94: =ROUNDUP(((O94+P94+Q94)/3)/K94*100%,2) -> 1 | T94: =$H$94 -> 46073
C95: ห้องประชุม | D95: 1 | E95: 1 | F95: 0 | G95: Done | K95: 1 | L95: 1 | M95: 0 | N95: Done | O95: 1 | P95: 1 | Q95: 1 | R95: =ROUNDUP(((O95+P95+Q95)/3)/K95*100%,2) -> 1 | T95: =$H$94 -> 46073
C96: ห้องรองกรรมการผู้อำนวยการใหญ่ (สายงานเทคโนโลยีดิจิทัลและการสื่อสาร) | D96: 1 | E96: 1 | F96: 0 | G96: Done | K96: 1 | L96: 1 | M96: 0 | N96: Done | O96: 1 | P96: 1 | Q96: 1 | R96: =ROUNDUP(((O96+P96+Q96)/3)/K96*100%,2) -> 1 | T96: =$H$94 -> 46073
C97: สำนักงาน ฝ่ายกลยุทธ์เทคโนโลยีสารสนเทศและการสื่อสาร | D97: 3 | E97: 3 | F97: 0 | G97: Done | K97: 3 | L97: 3 | M97: 0 | N97: Done | O97: 3 | P97: 3 | Q97: 3 | R97: =ROUNDUP(((O97+P97+Q97)/3)/K97*100%,2) -> 1 | T97: =$H$94 -> 46073
C98: โถงหน้าลิฟต์ | D98: 1 | E98: 1 | F98: 0 | G98: Done | K98: 1 | L98: 1 | M98: 0 | N98: Done | O98: 1 | P98: 1 | Q98: 1 | R98: =ROUNDUP(((O98+P98+Q98)/3)/K98*100%,2) -> 1 | T98: =$H$94 -> 46073
A99: อาคารสำนักแพทย์ | B99: 1 | C99: สำนักแพทย์ | D99: 1 | E99: 1 | F99: 0 | G99: Done | H99: 46089 | K99: 1 | L99: 1 | M99: 0 | N99: Done | O99: 1 | P99: 1 | Q99: 1 | R99: =ROUNDUP(((O99+P99+Q99)/3)/K99*100%,2) -> 1 | T99: =$H$99 -> 46089
A100: อาคารสโมสรท่าอากาศยานและสันทนาการ | B100: 1 | C100: สิ่งแวดล้อม | D100: 3 | E100: 3 | F100: 0 | G100: Done | H100: 46087 | K100: 3 | L100: 3 | M100: 0 | N100: Done | O100: 3 | P100: 3 | Q100: 3 | R100: =ROUNDUP(((O100+P100+Q100)/3)/K100*100%,2) -> 1 | T100: =$H$100 -> 46087
C101: โรงอาหาร | D101: 2 | E101: 2 | F101: 0 | G101: Done | K101: 2 | L101: 2 | M101: 0 | N101: Done | O101: 2 | P101: 2 | Q101: 2 | R101: =ROUNDUP(((O101+P101+Q101)/3)/K101*100%,2) -> 1 | T101: =$H$100 -> 46087
B102: 2 | C102: ห้องสมุด | D102: 2 | E102: 2 | F102: 0 | G102: Done | K102: 2 | L102: 2 | M102: 0 | N102: Done | O102: 2 | P102: 2 | Q102: 2 | R102: =ROUNDUP(((O102+P102+Q102)/3)/K102*100%,2) -> 1 | T102: =$H$100 -> 46087
C103: สำนักงาน | D103: 5 | E103: 5 | F103: 0 | G103: Done | K103: 5 | L103: 5 | M103: 0 | N103: Done | O103: 5 | P103: 5 | Q103: 5 | R103: =ROUNDUP(((O103+P103+Q103)/3)/K103*100%,2) -> 1 | T103: =$H$100 -> 46087
C104: โรงอาหาร | D104: 1 | E104: 1 | F104: 0 | G104: Done | K104: 1 | L104: 1 | M104: 0 | N104: Done | O104: 1 | P104: 1 | Q104: 1 | R104: =ROUNDUP(((O104+P104+Q104)/3)/K104*100%,2) -> 1 | T104: =$H$100 -> 46087
...

Sheet HQ-PW
A1: Node | B1: สถานที่ | C1: ชั้น | D1: ชื่อห้อง | E1: ชื่อ Rack | F1: ติดตั้ง PDU 6 ช่อง | G1: ติดตั้ง PDU 8 ช่อง | H1: ติดตั้ง PDU 10 ช่อง | I1: ติดตั้ง PDU 12 ช่อง | J1: ติดตั้ง CB | K1: ใช้ Temp. PDU | L1: เปลี่ยนเต้ารับผนัง 2 ช่อง | M1: ตัดต่อปลั๊กใหม่ | N1: ตั้งตู้ Rack ใหม่ | O1: Pregress
A2: HQ | B2: อาคารสายงานวิศวกรรมศาสตร์และเทคโนโลยีสารสนเทศ (สงวท.) | C2: 2 | D2: ชั้น 2 Data Center | F2: FALSE | G2: FALSE | H2: FALSE | I2: TRUE | J2: TRUE | K2: FALSE | L2: FALSE | M2: FALSE | N2: FALSE | O2: Done
A3: HQ | B3: อาคารสายงานวิศวกรรมศาสตร์และเทคโนโลยีสารสนเทศ (สงวท.) | C3: 1 | D3: ห้องไฟฟ้า 102 | E3: 27U , IT1 (27U) | F3: TRUE | G3: FALSE | H3: FALSE | I3: TRUE | J3: FALSE | K3: FALSE | L3: FALSE | M3: FALSE | N3: FALSE | O3: Done
A4: HQ | B4: อาคารสายงานวิศวกรรมศาสตร์และเทคโนโลยีสารสนเทศ (สงวท.) | C4: 2 | D4: ชั้น 2 ห้องฝ่ายระบบคอมพิวเตอร์และเครือข่าย ห้องเก็บของ | F4: FALSE | G4: FALSE | H4: FALSE | I4: TRUE | J4: FALSE | K4: FALSE | L4: TRUE | M4: FALSE | N4: FALSE | O4: Done
A5: HQ | B5: อาคารสายงานวิศวกรรมศาสตร์และเทคโนโลยีสารสนเทศ (สงวท.) | C5: 3 | D5: ห้องไฟฟ้า 301 | F5: TRUE | G5: FALSE | H5: FALSE | I5: TRUE | J5: TRUE | K5: FALSE | L5: FALSE | M5: FALSE | N5: FALSE | O5: Done
A6: HQ | B6: อาคารสายงานวิศวกรรมศาสตร์และเทคโนโลยีสารสนเทศ (สงวท.) | C6: 4 | D6: ห้องข้างๆ ลิฟ ชั้น 4 ห้องไฟฟ้า ชั้น 4 | F6: FALSE | G6: FALSE | H6: FALSE | I6: TRUE | J6: TRUE | K6: FALSE | L6: FALSE | M6: FALSE | N6: FALSE | O6: Done
A7: HQ | B7: อาคารสำนักงานใหญ่ | C7: 1 | D7: ชั้น 1 ห้องเก็บของ ตรงข้ามห้องพักเจ้าหน้าที่ปรับอากาศ ชั้น 1 ห้องเก็บของ สกหม. | F7: TRUE | G7: FALSE | H7: FALSE | I7: TRUE | J7: TRUE | K7: FALSE | L7: FALSE | M7: FALSE | N7: TRUE | O7: Done
A8: HQ | B8: อาคารสำนักงานใหญ่ | C8: 2 | D8: HQ-AHU-203 ชั้น 2 ห้องไฟฟ้า | F8: TRUE | G8: FALSE | H8: FALSE | I8: TRUE | J8: FALSE | K8: FALSE | L8: FALSE | M8: FALSE | N8: FALSE | O8: Done
A9: HQ | B9: อาคารสำนักงานใหญ่ | C9: 3 | D9: HQ-AHU-302 ชั้น 3 ห้องไฟฟ้า | F9: FALSE | G9: FALSE | H9: FALSE | I9: TRUE | J9: FALSE | K9: FALSE | L9: FALSE | M9: FALSE | N9: FALSE | O9: Done
A10: HQ | B10: อาคารสำนักงานใหญ่ | C10: 6 | D10: ชั้น 6 ห้องไฟฟ้า | F10: FALSE | G10: FALSE | H10: FALSE | I10: TRUE | J10: FALSE | K10: FALSE | L10: FALSE | M10: FALSE | N10: FALSE | O10: Done
A11: HQ | B11: อาคารสำนักงานใหญ่ | C11: 1 | D11: HQ-AHU-127 ชั้น 1 ห้องไฟฟ้า | F11: FALSE | G11: FALSE | H11: FALSE | I11: TRUE | J11: FALSE | K11: FALSE | L11: FALSE | M11: FALSE | N11: FALSE | O11: Done
A12: HQ | B12: อาคารสำนักงานใหญ่ | C12: 1 | D12: ห้องฝ่ายการเงิน | F12: TRUE | G12: FALSE | H12: FALSE | I12: FALSE | J12: FALSE | K12: FALSE | L12: TRUE | M12: FALSE | N12: FALSE | O12: Done
A13: HQ | B13: อาคารสำนักงานใหญ่ | C13: 5 | D13: สำนักงานเลขานุการบริษัทฝ่ายป้องกันอุบัติภัยและอาชีวอนามัย | F13: FALSE | G13: FALSE | H13: FALSE | I13: TRUE | J13: FALSE | K13: FALSE | L13: FALSE | M13: FALSE | N13: FALSE | O13: Done
A14: HQ | B14: อาคารสำนักงานใหญ่ | C14: 2 | D14: ฝ่ายบัญชี | F14: TRUE | G14: FALSE | H14: FALSE | I14: FALSE | J14: FALSE | K14: FALSE | L14: FALSE | M14: FALSE | N14: FALSE | O14: Done
A15: HQ | B15: อาคารสำนักงานใหญ่ | C15: 3 | D15: ฝ่ายพัฒนาทรัพยากรบุคคล | F15: FALSE | G15: FALSE | H15: FALSE | I15: TRUE | J15: FALSE | K15: FALSE | L15: FALSE | M15: FALSE | N15: FALSE | O15: Done
... A29: HQ | B29: อาคารบำบัดน้ำเสีย | C29: 1 | D29: สำนักงาน | F29: FALSE | G29: FALSE | H29: FALSE | I29: TRUE | J29: FALSE | K29: FALSE | L29: FALSE | M29: FALSE | N29: FALSE | O29: Done
A30: HQ | B30: อาคารเสริมสร้างพลานามัย | C30: 1 | D30: ห้อง SIS ห้องเก็บของ | E30: - | F30: TRUE | G30: FALSE | H30: FALSE | I30: FALSE | J30: FALSE | K30: FALSE | L30: FALSE | M30: FALSE | N30: FALSE | O30: Done
A31: HQ | B31: อาคารเสริมสร้างพลานามัย | C31: 1 | D31: ห้องกีฬาอเนกประสงค์ 2 ห้องสำนักงานสมาคมสโมสรท่าอากาศยาน | E31: - | F31: TRUE | G31: FALSE | H31: FALSE | I31: FALSE | J31: FALSE | K31: FALSE | L31: FALSE | M31: FALSE | N31: FALSE | O31: Done
A32: HQ | B32: สถานีไฟฟ้าย่อย 1 อาคารข้างหน้า | C32: 1 | D32: ห้องไฟฟ้า ห้องแบตเตอรี่ | E32: - | F32: TRUE | G32: FALSE | H32: FALSE | I32: FALSE | J32: FALSE | K32: FALSE | L32: FALSE | M32: FALSE | N32: FALSE | O32: Done
B33: =COUNTIF(Table224[สถานที่],"*") -> 31 | D33: =COUNTIF(Table224[ชื่อห้อง],"*") -> 31 | E33: สรุปจำนวน | F33: =(COUNTIF(F2:F32, TRUE)) -> 14 | G33: =COUNTIF(G2:G32, TRUE) -> 0 | H33: =COUNTIF(H2:H32, TRUE) -> 0 | I33: =(COUNTIF(I2:I32, TRUE)) -> 23 | J33: =(COUNTIF(J2:J32,TRUE)) -> 4 | K33: =COUNTIF(K2:K32, TRUE) -> 0 | L33: =COUNTIF(L2:L32, TRUE) -> 3 | M33: =COUNTIF(M2:M32, TRUE) -> 0 | N33: =COUNTIF(N2:N32, TRUE) -> 3 | O33: =COUNTIF(Table224[Pregress],"Done") -> 31

Sheet HQ-รายสัปดาห์
A1: สรุปแผนความก้าวหน้ารายสัปดาห์ - สนญ. (HQ)
A2: แผนการติดตั้งและ Migration เปรียบเทียบแผนกับผลจริง (เป้าหมาย 100%) | สูตรดึงข้อมูลอัตโนมัติจาก sheet HQ
A4: รายการ | B4: W.1 (2/2-8/2) | C4: W.2 (9/2-15/2) | D4: W.3 (16/2-22/2) | E4: W.4 (23/2-1/3) | F4: W.5 (2/3-8/3) | G4: W.6 (9/3-15/3) | H4: W.7 (16/3-22/3) | I4: W.8 (23/3-29/3) | J4: W.9 (30/3-5/4) | K4: W.10 (6/4-12/4) | L4: W.11 (13/4-19/4) | M4: W.12 (20/4-26/4) | N4: W.13 (27/4-3/5) | O4: W.14 (4/5-10/5) | P4: รวมทั้งหมด
A6: ▌ จำนวนอุปกรณ์ที่วางแผนติดตั้ง-Migration (เครื่อง)
A7: จำนวนอุปกรณ์ตามแผน (เครื่อง) | B7: {=SUMPRODUCT((HQ!$T$3:$T$89>=B40)*(HQ!$T$3:$T$89<=B41)*(ISNUMBER(HQ!$G$3:$G$89))*(HQ!$G$3:$G$89))} -> 34 | C7: {=SUMPRODUCT((HQ!$T$3:$T$89>=C40)*(HQ!$T$3:$T$89<=C41)*(ISNUMBER(HQ!$G$3:$G$89))*(HQ!$G$3:$G$89))} -> 10 | D7: {=SUMPRODUCT((HQ!$T$3:$T$89>=D40)*(HQ!$T$3:$T$89<=D41)*(ISNUMBER(HQ!$G$3:$G$89))*(HQ!$G$3:$G$89))} -> 9 | E7: {=SUMPRODUCT((HQ!$T$3:$T$89>=E40)*(HQ!$T$3:$T$89<=E41)*(ISNUMBER(HQ!$G$3:$G$89))*(HQ!$G$3:$G$89))} -> 52 | F7: {=SUMPRODUCT((HQ!$T$3:$T$89>=F40)*(HQ!$T$3:$T$89<=F41)*(ISNUMBER(HQ!$G$3:$G$89))*(HQ!$G$3:$G$89))} -> 14 | G7: {=SUMPRODUCT((HQ!$T$3:$T$89>=G40)*(HQ!$T$3:$T$89<=G41)*(ISNUMBER(HQ!$G$3:$G$89))*(HQ!$G$3:$G$89))} -> 18 | H7: {=SUMPRODUCT((HQ!$T$3:$T$89>=H40)*(HQ!$T$3:$T$89<=H41)*(ISNUMBER(HQ!$G$3:$G$89))*(HQ!$G$3:$G$89))} -> 11 | I7: {=SUMPRODUCT((HQ!$T$3:$T$89>=I40)*(HQ!$T$3:$T$89<=I41)*(ISNUMBER(HQ!$G$3:$G$89))*(HQ!$G$3:$G$89))} -> 15 | ... O7: {=SUMPRODUCT((HQ!$T$3:$T$89>=O40)*(HQ!$T$3:$T$89<=O41)*(ISNUMBER(HQ!$G$3:$G$89))*(HQ!$G$3:$G$89))} -> 0 | P7: {=SUMPRODUCT((ISNUMBER(HQ!$G$3:$G$89))*(HQ!$G$3:$G$89))} -> 193
A8: % แผนรายสัปดาห์ (ของยอดรวม) | B8: =IF(B7=0,"-",B7/$P$7) -> 0.1761658 | C8: =IF(C7=0,"-",C7/$P$7) -> 0.051813472 | D8: =IF(D7=0,"-",D7/$P$7) -> 0.046632124 | E8: =IF(E7=0,"-",E7/$P$7) -> 0.26943005 | F8: =IF(F7=0,"-",F7/$P$7) -> 0.07253886 | G8: =IF(G7=0,"-",G7/$P$7) -> 0.093264249 | H8: =IF(H7=0,"-",H7/$P$7) -> 0.056994819 | I8: =IF(I7=0,"-",I7/$P$7) -> 0.077720207 | ... O8: =IF(O7=0,"-",O7/$P$7) -> - | P8: =P7/P7 -> 1
A10: ▌ Configuration
A11: แผน (เครื่อง) | B11: =B7 -> 34 | C11: =C7 -> 10 | D11: =D7 -> 9 | E11: =E7 -> 52 | F11: =F7 -> 14 | G11: =G7 -> 18 | H11: =H7 -> 11 | I11: =I7 -> 15 | ... P11: =P7 -> 193
A12: ผลจริง (เครื่อง) | B12: {=SUMPRODUCT((HQ!$T$3:$T$89>=B40)*(HQ!$T$3:$T$89<=B41)*(ISNUMBER(HQ!$N$3:$N$89))*(HQ!$N$3:$N$89))} -> 30 | C12: {=SUMPRODUCT((HQ!$T$3:$T$89>=C40)*(HQ!$T$3:$T$89<=C41)*(ISNUMBER(HQ!$N$3:$N$89))*(HQ!$N$3:$N$89))} -> 10 | D12: {=SUMPRODUCT((HQ!$T$3:$T$89>=D40)*(HQ!$T$3:$T$89<=D41)*(ISNUMBER(HQ!$N$3:$N$89))*(HQ!$N$3:$N$89))} -> 9 | E12: {=SUMPRODUCT((HQ!$T$3:$T$89>=E40)*(HQ!$T$3:$T$89<=E41)*(ISNUMBER(HQ!$N$3:$N$89))*(HQ!$N$3:$N$89))} -> 52 | F12: {=SUMPRODUCT((HQ!$T$3:$T$89>=F40)*(HQ!$T$3:$T$89<=F41)*(ISNUMBER(HQ!$N$3:$N$89))*(HQ!$N$3:$N$89))} -> 14 | G12: {=SUMPRODUCT((HQ!$T$3:$T$89>=G40)*(HQ!$T$3:$T$89<=G41)*(ISNUMBER(HQ!$N$3:$N$89))*(HQ!$N$3:$N$89))} -> 18 | H12: {=SUMPRODUCT((HQ!$T$3:$T$89>=H40)*(HQ!$T$3:$T$89<=H41)*(ISNUMBER(HQ!$N$3:$N$89))*(HQ!$N$3:$N$89))} -> 11 | I12: {=SUMPRODUCT((HQ!$T$3:$T$89>=I40)*(HQ!$T$3:$T$89<=I41)*(ISNUMBER(HQ!$N$3:$N$89))*(HQ!$N$3:$N$89))} -> 15 | ... O12: {=SUMPRODUCT((HQ!$T$3:$T$89>=O40)*(HQ!$T$3:$T$89<=O41)*(ISNUMBER(HQ!$N$3:$N$89))*(HQ!$N$3:$N$89))} -> 0 | P12: =SUM(B12:O12) -> 188
A13: % ความก้าวหน้า Configuration | B13: =IF(B11=0,IF(B12=0,"-","100%"),B12/B11) -> 0.88235294 | C13: =IF(C11=0,IF(C12=0,"-","100%"),C12/C11) -> 1 | D13: =IF(D11=0,IF(D12=0,"-","100%"),D12/D11) -> 1 | E13: =IF(E11=0,IF(E12=0,"-","100%"),E12/E11) -> 1 | F13: =IF(F11=0,IF(F12=0,"-","100%"),F12/F11) -> 1 | G13: =IF(G11=0,IF(G12=0,"-","100%"),G12/G11) -> 1 | H13: =IF(H11=0,IF(H12=0,"-","100%"),H12/H11) -> 1 | I13: =IF(I11=0,IF(I12=0,"-","100%"),I12/I11) -> 1 | ... O13: =IF(O11=0,IF(O12=0,"-","100%"),O12/O11) -> - | P13: =IF(P11=0,"-",P12/P11) -> 0.97409326
A15: ▌ Installation
A16: แผน (เครื่อง) | B16: =B7 -> 34 | C16: =C7 -> 10 | D16: =D7 -> 9 | E16: =E7 -> 52 | F16: =F7 -> 14 | G16: =G7 -> 18 | H16: =H7 -> 11 | I16: =I7 -> 15 | ... P16: =P7 -> 193
A17: ผลจริง (เครื่อง) | B17: {=SUMPRODUCT((HQ!$T$3:$T$89>=B40)*(HQ!$T$3:$T$89<=B41)*(ISNUMBER(HQ!$O$3:$O$89))*(HQ!$O$3:$O$89))} -> 30 | C17: {=SUMPRODUCT((HQ!$T$3:$T$89>=C40)*(HQ!$T$3:$T$89<=C41)*(ISNUMBER(HQ!$O$3:$O$89))*(HQ!$O$3:$O$89))} -> 10 | D17: {=SUMPRODUCT((HQ!$T$3:$T$89>=D40)*(HQ!$T$3:$T$89<=D41)*(ISNUMBER(HQ!$O$3:$O$89))*(HQ!$O$3:$O$89))} -> 9 | E17: {=SUMPRODUCT((HQ!$T$3:$T$89>=E40)*(HQ!$T$3:$T$89<=E41)*(ISNUMBER(HQ!$O$3:$O$89))*(HQ!$O$3:$O$89))} -> 52 | F17: {=SUMPRODUCT((HQ!$T$3:$T$89>=F40)*(HQ!$T$3:$T$89<=F41)*(ISNUMBER(HQ!$O$3:$O$89))*(HQ!$O$3:$O$89))} -> 14 | G17: {=SUMPRODUCT((HQ!$T$3:$T$89>=G40)*(HQ!$T$3:$T$89<=G41)*(ISNUMBER(HQ!$O$3:$O$89))*(HQ!$O$3:$O$89))} -> 18 | H17: {=SUMPRODUCT((HQ!$T$3:$T$89>=H40)*(HQ!$T$3:$T$89<=H41)*(ISNUMBER(HQ!$O$3:$O$89))*(HQ!$O$3:$O$89))} -> 11 | I17: {=SUMPRODUCT((HQ!$T$3:$T$89>=I40)*(HQ!$T$3:$T$89<=I41)*(ISNUMBER(HQ!$O$3:$O$89))*(HQ!$O$3:$O$89))} -> 15 | ... O17: {=SUMPRODUCT((HQ!$T$3:$T$89>=O40)*(HQ!$T$3:$T$89<=O41)*(ISNUMBER(HQ!$O$3:$O$89))*(HQ!$O$3:$O$89))} -> 0 | P17: =SUM(B17:O17) -> 188
A18: % ความก้าวหน้า Installation | B18: =IF(B16=0,IF(B17=0,"-","100%"),B17/B16) -> 0.88235294 | C18: =IF(C16=0,IF(C17=0,"-","100%"),C17/C16) -> 1 | D18: =IF(D16=0,IF(D17=0,"-","100%"),D17/D16) -> 1 | E18: =IF(E16=0,IF(E17=0,"-","100%"),E17/E16) -> 1 | F18: =IF(F16=0,IF(F17=0,"-","100%"),F17/F16) -> 1 | G18: =IF(G16=0,IF(G17=0,"-","100%"),G17/G16) -> 1 | H18: =IF(H16=0,IF(H17=0,"-","100%"),H17/H16) -> 1 | I18: =IF(I16=0,IF(I17=0,"-","100%"),I17/I16) -> 1 | ... O18: =IF(O16=0,IF(O17=0,"-","100%"),O17/O16) -> - | P18: =IF(P16=0,"-",P17/P16) -> 0.97409326
A20: ▌ Migration
A21: แผน (เครื่อง) | B21: =B7 -> 34 | C21: =C7 -> 10 | D21: =D7 -> 9 | E21: =E7 -> 52 | F21: =F7 -> 14 | G21: =G7 -> 18 | H21: =H7 -> 11 | I21: =I7 -> 15 | ... P21: =P7 -> 193
A22: ผลจริง (เครื่อง) | B22: {=SUMPRODUCT((HQ!$T$3:$T$89>=B40)*(HQ!$T$3:$T$89<=B41)*(ISNUMBER(HQ!$P$3:$P$89))*(HQ!$P$3:$P$89))} -> 27 | C22: {=SUMPRODUCT((HQ!$T$3:$T$89>=C40)*(HQ!$T$3:$T$89<=C41)*(ISNUMBER(HQ!$P$3:$P$89))*(HQ!$P$3:$P$89))} -> 10 | D22: {=SUMPRODUCT((HQ!$T$3:$T$89>=D40)*(HQ!$T$3:$T$89<=D41)*(ISNUMBER(HQ!$P$3:$P$89))*(HQ!$P$3:$P$89))} -> 9 | E22: {=SUMPRODUCT((HQ!$T$3:$T$89>=E40)*(HQ!$T$3:$T$89<=E41)*(ISNUMBER(HQ!$P$3:$P$89))*(HQ!$P$3:$P$89))} -> 52 | F22: {=SUMPRODUCT((HQ!$T$3:$T$89>=F40)*(HQ!$T$3:$T$89<=F41)*(ISNUMBER(HQ!$P$3:$P$89))*(HQ!$P$3:$P$89))} -> 14 | G22: {=SUMPRODUCT((HQ!$T$3:$T$89>=G40)*(HQ!$T$3:$T$89<=G41)*(ISNUMBER(HQ!$P$3:$P$89))*(HQ!$P$3:$P$89))} -> 18 | H22: {=SUMPRODUCT((HQ!$T$3:$T$89>=H40)*(HQ!$T$3:$T$89<=H41)*(ISNUMBER(HQ!$P$3:$P$89))*(HQ!$P$3:$P$89))} -> 11 | I22: {=SUMPRODUCT((HQ!$T$3:$T$89>=I40)*(HQ!$T$3:$T$89<=I41)*(ISNUMBER(HQ!$P$3:$P$89))*(HQ!$P$3:$P$89))} -> 15 | ... O22: {=SUMPRODUCT((HQ!$T$3:$T$89>=O40)*(HQ!$T$3:$T$89<=O41)*(ISNUMBER(HQ!$P$3:$P$89))*(HQ!$P$3:$P$89))} -> 0 | P22: =SUM(B22:O22) -> 183
A23: มากกว่าแผน (เครื่อง) | B23: =MAX(B22-B21,0) -> 0 | C23: =MAX(C22-C21,0) -> 0 | D23: =MAX(D22-D21,0) -> 0 | E23: =MAX(E22-E21,0) -> 0 | F23: =MAX(F22-F21,0) -> 0 | G23: =MAX(G22-G21,0) -> 0 | H23: =MAX(H22-H21,0) -> 0 | I23: =MAX(I22-I21,0) -> 0 | ... P23: =MAX(P22-P21,0) -> 0
A24: ต่ำกว่าแผน (เครื่อง) | B24: =MAX(B21-B22,0) -> 7 | C24: =MAX(C21-C22,0) -> 0 | D24: =MAX(D21-D22,0) -> 0 | E24: =MAX(E21-E22,0) -> 0 | F24: =MAX(F21-F22,0) -> 0 | G24: =MAX(G21-G22,0) -> 0 | H24: =MAX(H21-H22,0) -> 0 | I24: =MAX(I21-I22,0) -> 0 | ... P24: =MAX(P21-P22,0) -> 10
A25: % ความก้าวหน้า Migration | B25: =IF(B21=0,IF(B22=0,"-","100%"),B22/B21) -> 0.79411765 | C25: =IF(C21=0,IF(C22=0,"-","100%"),C22/C21) -> 1 | D25: =IF(D21=0,IF(D22=0,"-","100%"),D22/D21) -> 1 | E25: =IF(E21=0,IF(E22=0,"-","100%"),E22/E21) -> 1 | F25: =IF(F21=0,IF(F22=0,"-","100%"),F22/F21) -> 1 | G25: =IF(G21=0,IF(G22=0,"-","100%"),G22/G21) -> 1 | H25: =IF(H21=0,IF(H22=0,"-","100%"),H22/H21) -> 1 | I25: =IF(I21=0,IF(I22=0,"-","100%"),I22/I21) -> 1 | ... O25: =IF(O21=0,IF(O22=0,"-","100%"),O22/O21) -> - | P25: =IF(P21=0,"-",P22/P21) -> 0.94818653
A27: ▌ สรุปภาพรวมและความก้าวหน้าสะสม
A28: % ความก้าวหน้าโดยรวม (รายสัปดาห์) | B28: =IF(B7=0,"-",(B12+B17+B22)/(B7*3)) -> 0.85294118 | C28: =IF(C7=0,"-",(C12+C17+C22)/(C7*3)) -> 1 | D28: =IF(D7=0,"-",(D12+D17+D22)/(D7*3)) -> 1 | E28: =IF(E7=0,"-",(E12+E17+E22)/(E7*3)) -> 1 | F28: =IF(F7=0,"-",(F12+F17+F22)/(F7*3)) -> 1 | G28: =IF(G7=0,"-",(G12+G17+G22)/(G7*3)) -> 1 | H28: =IF(H7=0,"-",(H12+H17+H22)/(H7*3)) -> 1 | I28: =IF(I7=0,"-",(I12+I17+I22)/(I7*3)) -> 1 | ... P28: =IF(P7=0,"-",(P12+P17+P22)/(P7*3)) -> 0.96545769
A30: จำนวนอุปกรณ์สะสมตามแผน (เครื่อง) | B30: =SUM($B7:B7) -> 34 | C30: =SUM($B7:C7) -> 44 | D30: =SUM($B7:D7) -> 53 | E30: =SUM($B7:E7) -> 105 | F30: =SUM($B7:F7) -> 119 | G30: =SUM($B7:G7) -> 137 | H30: =SUM($B7:H7) -> 148 | I30: =SUM($B7:I7) -> 163 | ... O30: =SUM($B7:O7) -> 193 | P30: =P7 -> 193
A31: จำนวนที่เสร็จสิ้นสะสม - ผลจริง (เครื่อง) | B31: =SUM($B22:B22) -> 27 | C31: =SUM($B22:C22) -> 37 | D31: =SUM($B22:D22) -> 46 | E31: =SUM($B22:E22) -> 98 | F31: =SUM($B22:F22) -> 112 | G31: =SUM($B22:G22) -> 130 | H31: =SUM($B22:H22) -> 141 | I31: =SUM($B22:I22) -> 156 | ... O31: =SUM($B22:O22) -> 183 | P31: =P22 -> 183
A32: % สะสมผลจริงเทียบเป้าหมายรวม | B32: =IF($P$7=0,"-",B31/$P$7) -> 0.13989637 | C32: =IF($P$7=0,"-",C31/$P$7) -> 0.19170984 | D32: =IF($P$7=0,"-",D31/$P$7) -> 0.23834197 | E32: =IF($P$7=0,"-",E31/$P$7) -> 0.50777202 | F32: =IF($P$7=0,"-",F31/$P$7) -> 0.58031088 | G32: =IF($P$7=0,"-",G31/$P$7) -> 0.67357513 | H32: =IF($P$7=0,"-",H31/$P$7) -> 0.73056995 | I32: =IF($P$7=0,"-",I31/$P$7) -> 0.80829016 | ... O32: =IF($P$7=0,"-",O31/$P$7) -> 0.94818653 | P32: =IF(P7=0,"-",P31/P7) -> 0.94818653
A33: % สะสมตามแผนเทียบเป้าหมายรวม | B33: =IF($P$7=0,"-",B30/$P$7) -> 0.1761658 | C33: =IF($P$7=0,"-",C30/$P$7) -> 0.22797927 | D33: =IF($P$7=0,"-",D30/$P$7) -> 0.2746114 | E33: =IF($P$7=0,"-",E30/$P$7) -> 0.54404145 | F33: =IF($P$7=0,"-",F30/$P$7) -> 0.61658031 | G33: =IF($P$7=0,"-",G30/$P$7) -> 0.70984456 | H33: =IF($P$7=0,"-",H30/$P$7) -> 0.76683938 | I33: =IF($P$7=0,"-",I30/$P$7) -> 0.84455959 | ... O33: =IF($P$7=0,"-",O30/$P$7) -> 1 | P33: =IF(P7=0,"-",P30/P7) -> 1
A35: หมายเหตุ: ทุกตัวเลขคำนวณอัตโนมัติจาก sheet HQ | col G = จำนวนอุปกรณ์ใหม่ | col P = วันที่เริ่ม (Helper) | col K/L/M = Config/Install/Migration ผลจริง
B40: =DATE(2026,2,2) -> 46055 | C40: =DATE(2026,2,9) -> 46062 | D40: =DATE(2026,2,16) -> 46069 | E40: =DATE(2026,2,23) -> 46076 | F40: =DATE(2026,3,2) -> 46083 | G40: =DATE(2026,3,9) -> 46090 | H40: =DATE(2026,3,16) -> 46097 | I40: =DATE(2026,3,23) -> 46104 | J40: =DATE(2026,3,30) -> 46111 | K40: =J40+7 -> 46118 | L40: =K40+7 -> 46125 | M40: =L40+7 -> 46132 | N40: =M40+7 -> 46139 | O40: =N40+7 -> 46146
B41: =DATE(2026,2,8) -> 46061 | C41: =DATE(2026,2,15) -> 46068 | D41: =DATE(2026,2,22) -> 46075 | E41: =DATE(2026,3,1) -> 46082 | F41: =DATE(2026,3,8) -> 46089 | G41: =DATE(2026,3,15) -> 46096 | H41: =DATE(2026,3,22) -> 46103 | I41: =DATE(2026,3,29) -> 46110 | J41: =DATE(2026,4,5) -> 46117 | K41: =J41+7 -> 46124 | L41: =K41+7 -> 46131 | M41: =L41+7 -> 46138 | N41: =M41+7 -> 46145 | O41: =N41+7 -> 46152

Sheet HQ-รายวัน
A1: สรุปแผนความก้าวหน้ารายวัน - สนญ. (HQ)
A2: ช่วงวันที่ 3 ก.พ. – 9 มี.ค. 69 | แสดงทุกวัน (วันที่ไม่มีแผน = 0) | สูตรดึงข้อมูลอัตโนมัติจาก sheet HQ
A4: รายการ | B4: =TEXT(B42, "d mmm") -> 3 ก.พ. | C4: =TEXT(C42, "d mmm") -> 4 ก.พ. | D4: =TEXT(D42, "d mmm") -> 5 ก.พ. | E4: =TEXT(E42, "d mmm") -> 6 ก.พ. | F4: =TEXT(F42, "d mmm") -> 7 ก.พ. | G4: =TEXT(G42, "d mmm") -> 8 ก.พ. | H4: =TEXT(H42, "d mmm") -> 9 ก.พ. | I4: =TEXT(I42, "d mmm") -> 10 ก.พ. | ... CT4: =TEXT(CT42, "d mmm") -> 10 พ.ค. | CU4: รวมทั้งหมด
B5: =TEXT(B42, "ddd") -> อ. | C5: =TEXT(C42, "ddd") -> พ. | D5: =TEXT(D42, "ddd") -> พฤ. | E5: =TEXT(E42, "ddd") -> ศ. | F5: =TEXT(F42, "ddd") -> ส. | G5: =TEXT(G42, "ddd") -> อา. | H5: =TEXT(H42, "ddd") -> จ. | I5: =TEXT(I42, "ddd") -> อ. | ... CT5: =TEXT(CT42, "ddd") -> อา.
A6: ▌ จำนวนอุปกรณ์ที่วางแผนติดตั้ง-Migration (เครื่อง)
A7: จำนวนอุปกรณ์ตามแผน (เครื่อง) | B7: {=SUMPRODUCT((HQ!$T$3:$T$89=B42)*(ISNUMBER(HQ!$G$3:$G$89))*(HQ!$G$3:$G$89))} -> 34 | C7: {=SUMPRODUCT((HQ!$T$3:$T$89=C42)*(ISNUMBER(HQ!$G$3:$G$89))*(HQ!$G$3:$G$89))} -> 0 | D7: {=SUMPRODUCT((HQ!$T$3:$T$89=D42)*(ISNUMBER(HQ!$G$3:$G$89))*(HQ!$G$3:$G$89))} -> 0 | E7: {=SUMPRODUCT((HQ!$T$3:$T$89=E42)*(ISNUMBER(HQ!$G$3:$G$89))*(HQ!$G$3:$G$89))} -> 0 | F7: {=SUMPRODUCT((HQ!$T$3:$T$89=F42)*(ISNUMBER(HQ!$G$3:$G$89))*(HQ!$G$3:$G$89))} -> 0 | G7: {=SUMPRODUCT((HQ!$T$3:$T$89=G42)*(ISNUMBER(HQ!$G$3:$G$89))*(HQ!$G$3:$G$89))} -> 0 | H7: {=SUMPRODUCT((HQ!$T$3:$T$89=H42)*(ISNUMBER(HQ!$G$3:$G$89))*(HQ!$G$3:$G$89))} -> 0 | I7: {=SUMPRODUCT((HQ!$T$3:$T$89=I42)*(ISNUMBER(HQ!$G$3:$G$89))*(HQ!$G$3:$G$89))} -> 0 | ... CT7: {=SUMPRODUCT((HQ!$T$3:$T$89=CT42)*(ISNUMBER(HQ!$G$3:$G$89))*(HQ!$G$3:$G$89))} -> 0 | CU7: {=SUMPRODUCT((ISNUMBER(HQ!$G$3:$G$89))*(HQ!$G$3:$G$89))} -> 193
A8: % แผนรายวัน (ของยอดรวม) | B8: =IF(B7=0,0,B7/$CU$7) -> 0.1761658 | C8: =IF(C7=0,0,C7/$CU$7) -> 0 | D8: =IF(D7=0,0,D7/$CU$7) -> 0 | E8: =IF(E7=0,0,E7/$CU$7) -> 0 | F8: =IF(F7=0,0,F7/$CU$7) -> 0 | G8: =IF(G7=0,0,G7/$CU$7) -> 0 | H8: =IF(H7=0,0,H7/$CU$7) -> 0 | I8: =IF(I7=0,0,I7/$CU$7) -> 0 | ... CT8: =IF(CT7=0,0,CT7/$CU$7) -> 0 | CU8: =CU7/CU7 -> 1
A10: ▌ Configuration
A11: แผน (เครื่อง) | B11: =B7 -> 34 | C11: =C7 -> 0 | D11: =D7 -> 0 | E11: =E7 -> 0 | F11: =F7 -> 0 | G11: =G7 -> 0 | H11: =H7 -> 0 | I11: =I7 -> 0 | ... CU11: =CU7 -> 193
A12: ผลจริง (เครื่อง) | B12: {=SUMPRODUCT((HQ!$T$3:$T$89=B42)*(ISNUMBER(HQ!$N$3:$N$89))*(HQ!$N$3:$N$89))} -> 30 | C12: {=SUMPRODUCT((HQ!$T$3:$T$89=C42)*(ISNUMBER(HQ!$N$3:$N$89))*(HQ!$N$3:$N$89))} -> 0 | D12: {=SUMPRODUCT((HQ!$T$3:$T$89=D42)*(ISNUMBER(HQ!$N$3:$N$89))*(HQ!$N$3:$N$89))} -> 0 | E12: {=SUMPRODUCT((HQ!$T$3:$T$89=E42)*(ISNUMBER(HQ!$N$3:$N$89))*(HQ!$N$3:$N$89))} -> 0 | F12: {=SUMPRODUCT((HQ!$T$3:$T$89=F42)*(ISNUMBER(HQ!$N$3:$N$89))*(HQ!$N$3:$N$89))} -> 0 | G12: {=SUMPRODUCT((HQ!$T$3:$T$89=G42)*(ISNUMBER(HQ!$N$3:$N$89))*(HQ!$N$3:$N$89))} -> 0 | H12: {=SUMPRODUCT((HQ!$T$3:$T$89=H42)*(ISNUMBER(HQ!$N$3:$N$89))*(HQ!$N$3:$N$89))} -> 0 | I12: {=SUMPRODUCT((HQ!$T$3:$T$89=I42)*(ISNUMBER(HQ!$N$3:$N$89))*(HQ!$N$3:$N$89))} -> 0 | ... CT12: {=SUMPRODUCT((HQ!$T$3:$T$89=CT42)*(ISNUMBER(HQ!$N$3:$N$89))*(HQ!$N$3:$N$89))} -> 0 | CU12: =SUM(B12:CT12) -> 188
A13: % ความก้าวหน้า Configuration | B13: =IF(B11=0,IF(B12=0,0,1),B12/B11) -> 0.88235294 | C13: =IF(C11=0,IF(C12=0,0,1),C12/C11) -> 0 | D13: =IF(D11=0,IF(D12=0,0,1),D12/D11) -> 0 | E13: =IF(E11=0,IF(E12=0,0,1),E12/E11) -> 0 | F13: =IF(F11=0,IF(F12=0,0,1),F12/F11) -> 0 | G13: =IF(G11=0,IF(G12=0,0,1),G12/G11) -> 0 | H13: =IF(H11=0,IF(H12=0,0,1),H12/H11) -> 0 | I13: =IF(I11=0,IF(I12=0,0,1),I12/I11) -> 0 | ... CT13: =IF(CT11=0,IF(CT12=0,0,1),CT12/CT11) -> 0 | CU13: =IF(CU11=0,"-",CU12/CU11) -> 0.97409326
A15: ▌ Installation
A16: แผน (เครื่อง) | B16: =B7 -> 34 | C16: =C7 -> 0 | D16: =D7 -> 0 | E16: =E7 -> 0 | F16: =F7 -> 0 | G16: =G7 -> 0 | H16: =H7 -> 0 | I16: =I7 -> 0 | ... CU16: =CU7 -> 193
A17: ผลจริง (เครื่อง) | B17: {=SUMPRODUCT((HQ!$T$3:$T$89=B42)*(ISNUMBER(HQ!$O$3:$O$89))*(HQ!$O$3:$O$89))} -> 30 | C17: {=SUMPRODUCT((HQ!$T$3:$T$89=C42)*(ISNUMBER(HQ!$O$3:$O$89))*(HQ!$O$3:$O$89))} -> 0 | D17: {=SUMPRODUCT((HQ!$T$3:$T$89=D42)*(ISNUMBER(HQ!$O$3:$O$89))*(HQ!$O$3:$O$89))} -> 0 | E17: {=SUMPRODUCT((HQ!$T$3:$T$89=E42)*(ISNUMBER(HQ!$O$3:$O$89))*(HQ!$O$3:$O$89))} -> 0 | F17: {=SUMPRODUCT((HQ!$T$3:$T$89=F42)*(ISNUMBER(HQ!$O$3:$O$89))*(HQ!$O$3:$O$89))} -> 0 | G17: {=SUMPRODUCT((HQ!$T$3:$T$89=G42)*(ISNUMBER(HQ!$O$3:$O$89))*(HQ!$O$3:$O$89))} -> 0 | H17: {=SUMPRODUCT((HQ!$T$3:$T$89=H42)*(ISNUMBER(HQ!$O$3:$O$89))*(HQ!$O$3:$O$89))} -> 0 | I17: {=SUMPRODUCT((HQ!$T$3:$T$89=I42)*(ISNUMBER(HQ!$O$3:$O$89))*(HQ!$O$3:$O$89))} -> 0 | ... CT17: {=SUMPRODUCT((HQ!$T$3:$T$89=CT42)*(ISNUMBER(HQ!$O$3:$O$89))*(HQ!$O$3:$O$89))} -> 0 | CU17: =SUM(B17:CT17) -> 188
A18: % ความก้าวหน้า Installation | B18: =IF(B16=0,IF(B17=0,0,1),B17/B16) -> 0.88235294 | C18: =IF(C16=0,IF(C17=0,0,1),C17/C16) -> 0 | D18: =IF(D16=0,IF(D17=0,0,1),D17/D16) -> 0 | E18: =IF(E16=0,IF(E17=0,0,1),E17/E16) -> 0 | F18: =IF(F16=0,IF(F17=0,0,1),F17/F16) -> 0 | G18: =IF(G16=0,IF(G17=0,0,1),G17/G16) -> 0 | H18: =IF(H16=0,IF(H17=0,0,1),H17/H16) -> 0 | I18: =IF(I16=0,IF(I17=0,0,1),I17/I16) -> 0 | ... CT18: =IF(CT16=0,IF(CT17=0,0,1),CT17/CT16) -> 0 | CU18: =IF(CU16=0,"-",CU17/CU16) -> 0.97409326
A20: ▌ Migration
A21: แผน (เครื่อง) | B21: =B7 -> 34 | C21: =C7 -> 0 | D21: =D7 -> 0 | E21: =E7 -> 0 | F21: =F7 -> 0 | G21: =G7 -> 0 | H21: =H7 -> 0 | I21: =I7 -> 0 | ... CU21: =CU7 -> 193
A22: ผลจริง (เครื่อง) | B22: {=SUMPRODUCT((HQ!$T$3:$T$89=B42)*(ISNUMBER(HQ!$P$3:$P$89))*(HQ!$P$3:$P$89))} -> 27 | C22: {=SUMPRODUCT((HQ!$T$3:$T$89=C42)*(ISNUMBER(HQ!$P$3:$P$89))*(HQ!$P$3:$P$89))} -> 0 | D22: {=SUMPRODUCT((HQ!$T$3:$T$89=D42)*(ISNUMBER(HQ!$P$3:$P$89))*(HQ!$P$3:$P$89))} -> 0 | E22: {=SUMPRODUCT((HQ!$T$3:$T$89=E42)*(ISNUMBER(HQ!$P$3:$P$89))*(HQ!$P$3:$P$89))} -> 0 | F22: {=SUMPRODUCT((HQ!$T$3:$T$89=F42)*(ISNUMBER(HQ!$P$3:$P$89))*(HQ!$P$3:$P$89))} -> 0 | G22: {=SUMPRODUCT((HQ!$T$3:$T$89=G42)*(ISNUMBER(HQ!$P$3:$P$89))*(HQ!$P$3:$P$89))} -> 0 | H22: {=SUMPRODUCT((HQ!$T$3:$T$89=H42)*(ISNUMBER(HQ!$P$3:$P$89))*(HQ!$P$3:$P$89))} -> 0 | I22: {=SUMPRODUCT((HQ!$T$3:$T$89=I42)*(ISNUMBER(HQ!$P$3:$P$89))*(HQ!$P$3:$P$89))} -> 0 | ... CT22: {=SUMPRODUCT((HQ!$T$3:$T$89=CT42)*(ISNUMBER(HQ!$P$3:$P$89))*(HQ!$P$3:$P$89))} -> 0 | CU22: =SUM(B22:CT22) -> 183
A23: มากกว่าแผน (เครื่อง) | B23: =MAX(B22-B21,0) -> 0 | C23: =MAX(C22-C21,0) -> 0 | D23: =MAX(D22-D21,0) -> 0 | E23: =MAX(E22-E21,0) -> 0 | F23: =MAX(F22-F21,0) -> 0 | G23: =MAX(G22-G21,0) -> 0 | H23: =MAX(H22-H21,0) -> 0 | I23: =MAX(I22-I21,0) -> 0 | ... CU23: =MAX(CU22-CU21,0) -> 0
A24: ต่ำกว่าแผน (เครื่อง) | B24: =MAX(B21-B22,0) -> 7 | C24: =MAX(C21-C22,0) -> 0 | D24: =MAX(D21-D22,0) -> 0 | E24: =MAX(E21-E22,0) -> 0 | F24: =MAX(F21-F22,0) -> 0 | G24: =MAX(G21-G22,0) -> 0 | H24: =MAX(H21-H22,0) -> 0 | I24: =MAX(I21-I22,0) -> 0 | ... CU24: =MAX(CU21-CU22,0) -> 10
A25: % ความก้าวหน้า Migration | B25: =IF(B21=0,IF(B22=0,0,1),B22/B21) -> 0.79411765 | C25: =IF(C21=0,IF(C22=0,0,1),C22/C21) -> 0 | D25: =IF(D21=0,IF(D22=0,0,1),D22/D21) -> 0 | E25: =IF(E21=0,IF(E22=0,0,1),E22/E21) -> 0 | F25: =IF(F21=0,IF(F22=0,0,1),F22/F21) -> 0 | G25: =IF(G21=0,IF(G22=0,0,1),G22/G21) -> 0 | H25: =IF(H21=0,IF(H22=0,0,1),H22/H21) -> 0 | I25: =IF(I21=0,IF(I22=0,0,1),I22/I21) -> 0 | ... CT25: =IF(CT21=0,IF(CT22=0,0,1),CT22/CT21) -> 0 | CU25: =IF(CU21=0,"-",CU22/CU21) -> 0.94818653
A27: ▌ สรุปภาพรวมและความก้าวหน้าสะสม
A28: % ความก้าวหน้าโดยรวมรายวัน | B28: =IF(B7=0,0,(B12+B17+B22)/(B7*3)) -> 0.85294118 | C28: =IF(C7=0,0,(C12+C17+C22)/(C7*3)) -> 0 | D28: =IF(D7=0,0,(D12+D17+D22)/(D7*3)) -> 0 | E28: =IF(E7=0,0,(E12+E17+E22)/(E7*3)) -> 0 | F28: =IF(F7=0,0,(F12+F17+F22)/(F7*3)) -> 0 | G28: =IF(G7=0,0,(G12+G17+G22)/(G7*3)) -> 0 | H28: =IF(H7=0,0,(H12+H17+H22)/(H7*3)) -> 0 | I28: =IF(I7=0,0,(I12+I17+I22)/(I7*3)) -> 0 | ... CT28: =IF(CT7=0,0,(CT12+CT17+CT22)/(CT7*3)) -> 0 | CU28: =IF(CU7=0,"-",(CU12+CU17+CU22)/(CU7*3)) -> 0.96545769
A30: จำนวนอุปกรณ์สะสมตามแผน (เครื่อง) | B30: =SUM($B7:B7) -> 34 | C30: =SUM($B7:C7) -> 34 | D30: =SUM($B7:D7) -> 34 | E30: =SUM($B7:E7) -> 34 | F30: =SUM($B7:F7) -> 34 | G30: =SUM($B7:G7) -> 34 | H30: =SUM($B7:H7) -> 34 | I30: =SUM($B7:I7) -> 34 | ... CT30: =SUM($B7:CT7) -> 193 | CU30: =CU7 -> 193
A31: จำนวนที่เสร็จสิ้นสะสม - ผลจริง (เครื่อง) | B31: =SUM($B22:B22) -> 27 | C31: =SUM($B22:C22) -> 27 | D31: =SUM($B22:D22) -> 27 | E31: =SUM($B22:E22) -> 27 | F31: =SUM($B22:F22) -> 27 | G31: =SUM($B22:G22) -> 27 | H31: =SUM($B22:H22) -> 27 | I31: =SUM($B22:I22) -> 27 | ... CT31: =SUM($B22:CT22) -> 183 | CU31: =CU22 -> 183
A32: % สะสมผลจริงเทียบเป้าหมายรวม | B32: =IF($CU$7=0,0,B31/$CU$7) -> 0.13989637 | C32: =IF($CU$7=0,0,C31/$CU$7) -> 0.13989637 | D32: =IF($CU$7=0,0,D31/$CU$7) -> 0.13989637 | E32: =IF($CU$7=0,0,E31/$CU$7) -> 0.13989637 | F32: =IF($CU$7=0,0,F31/$CU$7) -> 0.13989637 | G32: =IF($CU$7=0,0,G31/$CU$7) -> 0.13989637 | H32: =IF($CU$7=0,0,H31/$CU$7) -> 0.13989637 | I32: =IF($CU$7=0,0,I31/$CU$7) -> 0.13989637 | ... CT32: =IF($CU$7=0,0,CT31/$CU$7) -> 0.94818653 | CU32: =IF(CU7=0,"-",CU31/CU7) -> 0.94818653
A33: % สะสมตามแผนเทียบเป้าหมายรวม | B33: =IF($CU$7=0,0,B30/$CU$7) -> 0.1761658 | C33: =IF($CU$7=0,0,C30/$CU$7) -> 0.1761658 | D33: =IF($CU$7=0,0,D30/$CU$7) -> 0.1761658 | E33: =IF($CU$7=0,0,E30/$CU$7) -> 0.1761658 | F33: =IF($CU$7=0,0,F30/$CU$7) -> 0.1761658 | G33: =IF($CU$7=0,0,G30/$CU$7) -> 0.1761658 | H33: =IF($CU$7=0,0,H30/$CU$7) -> 0.1761658 | I33: =IF($CU$7=0,0,I30/$CU$7) -> 0.1761658 | ... CT33: =IF($CU$7=0,0,CT30/$CU$7) -> 1 | CU33: =IF(CU7=0,"-",CU30/CU7) -> 1
A35: หมายเหตุ: วันเสาร์-อาทิตย์ = header สีเทา | วันที่ไม่มีแผนงาน = 0 | สูตรดึงข้อมูลอัตโนมัติจาก HQ col G (จำนวน), col P (วันที่), col K/L/M (ผลจริง)
B42: 46056 | C42: 46057 | D42: 46058 | E42: 46059 | F42: 46060 | G42: 46061 | H42: 46062 | I42: 46063 | J42: 46064 | K42: 46065 | L42: 46066 | M42: 46067 | N42: 46068 | O42: 46069 | P42: 46070 | Q42: 46071 | R42: 46072 | S42: 46073 | T42: 46074 | U42: 46075 | V42: 46076 | W42: 46077 | X42: 46078 | Y42: 46079 | Z42: 46080 | AA42: 46081 | AB42: 46082 | AC42: 46083 | AD42: 46084 | AE42: 46085 | AF42: 46086 | AG42: 46087 | AH42: 46088 | AI42: 46089 | AJ42: 46090 | AK42: 46091 | AL42: 46092 | AM42: 46093 | AN42: 46094 | AO42: 46095 | AP42: 46096 | AQ42: 46097 | AR42: 46098 | AS42: 46099 | AT42: 46100 | AU42: 46101 | AV42: 46102 | AW42: 46103 | AX42: 46104 | AY42: 46105 | AZ42: 46106 | BA42: 46107 | BB42: 46108 | BC42: 46109 | BD42: 46110 | BE42: 46111 | BF42: 46112 | BG42: 46113 | BH42: 46114 | BI42: 46115 | BJ42: 46116 | BK42: 46117 | BL42: 46118 | BM42: 46119 | BN42: 46120 | BO42: 46121 | BP42: 46122 | BQ42: 46123 | BR42: 46124 | BS42: 46125 | BT42: 46126 | BU42: 46127 | BV42: 46128 | BW42: 46129 | BX42: 46130 | BY42: 46131 | BZ42: 46132 | CA42: 46133 | CB42: 46134 | CC42: 46135 | CD42: 46136 | CE42: 46137 | CF42: 46138 | CG42: 46139 | CH42: 46140 | CI42: 46141 | CJ42: 46142 | CK42: 46143 | CL42: 46144 | CM42: 46145 | CN42: 46146 | CO42: 46147 | CP42: 46148 | CQ42: 46149 | CR42: 46150 | CS42: 46151 | CT42: 46152

Sheet HQ-กราฟรายสัปดาห์
A1: กราฟแสดงความก้าวหน้ารายสัปดาห์ - แผน vs ผลจริง
A2: ดึงข้อมูลอัตโนมัติจาก sheet รายสัปดาห์ | อัปเดตเมื่อแก้ไขข้อมูลใน HQ
B4: ='HQ-รายสัปดาห์'!B4 -> W.1 (2/2-8/2) | C4: ='HQ-รายสัปดาห์'!C4 -> W.2 (9/2-15/2) | D4: ='HQ-รายสัปดาห์'!D4 -> W.3 (16/2-22/2) | E4: ='HQ-รายสัปดาห์'!E4 -> W.4 (23/2-1/3) | F4: ='HQ-รายสัปดาห์'!F4 -> W.5 (2/3-8/3) | G4: ='HQ-รายสัปดาห์'!G4 -> W.6 (9/3-15/3) | H4: ='HQ-รายสัปดาห์'!H4 -> W.7 (16/3-22/3) | I4: ='HQ-รายสัปดาห์'!I4 -> W.8 (23/3-29/3) | ... O4: ='HQ-รายสัปดาห์'!O4 -> W.14 (4/5-10/5) | P4: Total
A5: แผน (เครื่อง) | B5: ='HQ-รายสัปดาห์'!B7 -> 34 | C5: ='HQ-รายสัปดาห์'!C7 -> 10 | D5: ='HQ-รายสัปดาห์'!D7 -> 9 | E5: ='HQ-รายสัปดาห์'!E7 -> 52 | F5: ='HQ-รายสัปดาห์'!F7 -> 14 | G5: ='HQ-รายสัปดาห์'!G7 -> 18 | H5: ='HQ-รายสัปดาห์'!H7 -> 11 | I5: ='HQ-รายสัปดาห์'!I7 -> 15 | ... O5: ='HQ-รายสัปดาห์'!O7 -> 0 | P5: =SUM(B5:O5) -> 193
A6: Config จริง (เครื่อง) | B6: ='HQ-รายสัปดาห์'!B12 -> 30 | C6: ='HQ-รายสัปดาห์'!C12 -> 10 | D6: ='HQ-รายสัปดาห์'!D12 -> 9 | E6: ='HQ-รายสัปดาห์'!E12 -> 52 | F6: ='HQ-รายสัปดาห์'!F12 -> 14 | G6: ='HQ-รายสัปดาห์'!G12 -> 18 | H6: ='HQ-รายสัปดาห์'!H12 -> 11 | I6: ='HQ-รายสัปดาห์'!I12 -> 15 | ... K6: ='HQ-รายสัปดาห์'!K12 -> 15 | P6: =SUM(B6:O6) -> 188
A7: Install จริง (เครื่อง) | B7: ='HQ-รายสัปดาห์'!B17 -> 30 | C7: ='HQ-รายสัปดาห์'!C17 -> 10 | D7: ='HQ-รายสัปดาห์'!D17 -> 9 | E7: ='HQ-รายสัปดาห์'!E17 -> 52 | F7: ='HQ-รายสัปดาห์'!F17 -> 14 | G7: ='HQ-รายสัปดาห์'!G17 -> 18 | H7: ='HQ-รายสัปดาห์'!H17 -> 11 | I7: ='HQ-รายสัปดาห์'!I17 -> 15 | ... K7: ='HQ-รายสัปดาห์'!K17 -> 15 | P7: =SUM(B7:O7) -> 188
A8: Migration จริง (เครื่อง) | B8: ='HQ-รายสัปดาห์'!B22 -> 27 | C8: ='HQ-รายสัปดาห์'!C22 -> 10 | D8: ='HQ-รายสัปดาห์'!D22 -> 9 | E8: ='HQ-รายสัปดาห์'!E22 -> 52 | F8: ='HQ-รายสัปดาห์'!F22 -> 14 | G8: ='HQ-รายสัปดาห์'!G22 -> 18 | H8: ='HQ-รายสัปดาห์'!H22 -> 11 | I8: ='HQ-รายสัปดาห์'!I22 -> 15 | ... K8: ='HQ-รายสัปดาห์'!K22 -> 13 | P8: =SUM(B8:O8) -> 183
A9: Migration สะสมจริง (เครื่อง) | B9: ='HQ-รายสัปดาห์'!B31 -> 27 | C9: ='HQ-รายสัปดาห์'!C31 -> 37 | D9: ='HQ-รายสัปดาห์'!D31 -> 46 | E9: ='HQ-รายสัปดาห์'!E31 -> 98 | F9: ='HQ-รายสัปดาห์'!F31 -> 112 | G9: ='HQ-รายสัปดาห์'!G31 -> 130 | H9: ='HQ-รายสัปดาห์'!H31 -> 141 | I9: ='HQ-รายสัปดาห์'!I31 -> 156 | ... K9: ='HQ-รายสัปดาห์'!K31 -> 183
A10: มากกว่าแผน (เครื่อง) | B10: ='HQ-รายสัปดาห์'!B23 -> 0 | C10: ='HQ-รายสัปดาห์'!C23 -> 0 | D10: ='HQ-รายสัปดาห์'!D23 -> 0 | E10: ='HQ-รายสัปดาห์'!E23 -> 0 | F10: ='HQ-รายสัปดาห์'!F23 -> 0 | G10: ='HQ-รายสัปดาห์'!G23 -> 0 | H10: ='HQ-รายสัปดาห์'!H23 -> 0 | I10: ='HQ-รายสัปดาห์'!I23 -> 0 | ... K10: ='HQ-รายสัปดาห์'!K23 -> 0 | P10: =SUM(B10:O10) -> 0
A11: ต่ำกว่าแผน (เครื่อง) | B11: ='HQ-รายสัปดาห์'!B24 -> 7 | C11: ='HQ-รายสัปดาห์'!C24 -> 0 | D11: ='HQ-รายสัปดาห์'!D24 -> 0 | E11: ='HQ-รายสัปดาห์'!E24 -> 0 | F11: ='HQ-รายสัปดาห์'!F24 -> 0 | G11: ='HQ-รายสัปดาห์'!G24 -> 0 | H11: ='HQ-รายสัปดาห์'!H24 -> 0 | I11: ='HQ-รายสัปดาห์'!I24 -> 0 | ... K11: ='HQ-รายสัปดาห์'!K24 -> 3 | P11: =SUM(B11:O11) -> 10
A12: % โดยรวม (จริง) | B12: ='HQ-รายสัปดาห์'!B28 -> 0.85294118 | C12: ='HQ-รายสัปดาห์'!C28 -> 1 | D12: ='HQ-รายสัปดาห์'!D28 -> 1 | E12: ='HQ-รายสัปดาห์'!E28 -> 1 | F12: ='HQ-รายสัปดาห์'!F28 -> 1 | G12: ='HQ-รายสัปดาห์'!G28 -> 1 | H12: ='HQ-รายสัปดาห์'!H28 -> 1 | I12: ='HQ-รายสัปดาห์'!I28 -> 1 | ... K12: ='HQ-รายสัปดาห์'!K28 -> 0.89583333
A13: % สะสมตามแผน | B13: ='HQ-รายสัปดาห์'!B33 -> 0.1761658 | C13: ='HQ-รายสัปดาห์'!C33 -> 0.22797927 | D13: ='HQ-รายสัปดาห์'!D33 -> 0.2746114 | E13: ='HQ-รายสัปดาห์'!E33 -> 0.54404145 | F13: ='HQ-รายสัปดาห์'!F33 -> 0.61658031 | G13: ='HQ-รายสัปดาห์'!G33 -> 0.70984456 | H13: ='HQ-รายสัปดาห์'!H33 -> 0.76683938 | I13: ='HQ-รายสัปดาห์'!I33 -> 0.84455959 | ... O13: ='HQ-รายสัปดาห์'!O33 -> 1
A14: % สะสมจริง | B14: ='HQ-รายสัปดาห์'!B32 -> 0.13989637 | C14: ='HQ-รายสัปดาห์'!C32 -> 0.19170984 | D14: ='HQ-รายสัปดาห์'!D32 -> 0.23834197 | E14: ='HQ-รายสัปดาห์'!E32 -> 0.50777202 | F14: ='HQ-รายสัปดาห์'!F32 -> 0.58031088 | G14: ='HQ-รายสัปดาห์'!G32 -> 0.67357513 | H14: ='HQ-รายสัปดาห์'!H32 -> 0.73056995 | I14: ='HQ-รายสัปดาห์'!I32 -> 0.80829016 | ... K14: ='HQ-รายสัปดาห์'!K32 -> 0.94818653
A15: % Config (จริง/แผน) | B15: =IF(B5=0,0,B6/B5) -> 0.88235294 | C15: =IF(C5=0,0,C6/C5) -> 1 | D15: =IF(D5=0,0,D6/D5) -> 1 | E15: =IF(E5=0,0,E6/E5) -> 1 | F15: =IF(F5=0,0,F6/F5) -> 1 | G15: =IF(G5=0,0,G6/G5) -> 1 | H15: =IF(H5=0,0,H6/H5) -> 1 | I15: =IF(I5=0,0,I6/I5) -> 1 | ... K15: =IF(K5=0,0,K6/K5) -> 0.9375
A16: % Install (จริง/แผน) | B16: =IF(B5=0,0,B7/B5) -> 0.88235294 | C16: =IF(C5=0,0,C7/C5) -> 1 | D16: =IF(D5=0,0,D7/D5) -> 1 | E16: =IF(E5=0,0,E7/E5) -> 1 | F16: =IF(F5=0,0,F7/F5) -> 1 | G16: =IF(G5=0,0,G7/G5) -> 1 | H16: =IF(H5=0,0,H7/H5) -> 1 | I16: =IF(I5=0,0,I7/I5) -> 1 | ... K16: =IF(K5=0,0,K7/K5) -> 0.9375
A17: % Migration (จริง/แผน) | B17: =IF(B5=0,0,B8/B5) -> 0.79411765 | C17: =IF(C5=0,0,C8/C5) -> 1 | D17: =IF(D5=0,0,D8/D5) -> 1 | E17: =IF(E5=0,0,E8/E5) -> 1 | F17: =IF(F5=0,0,F8/F5) -> 1 | G17: =IF(G5=0,0,G8/G5) -> 1 | H17: =IF(H5=0,0,H8/H5) -> 1 | I17: =IF(I5=0,0,I8/I5) -> 1 | ... K17: =IF(K5=0,0,K8/K5) -> 0.8125

Sheet HQ-กราฟรายวัน
A1: กราฟแสดงความก้าวหน้ารายวัน - แผน vs ผลจริง
A2: ช่วงวันที่ 3 ก.พ. – 9 มี.ค. 69 | ดึงข้อมูลอัตโนมัติจาก sheet รายวัน
A4: วันที่ | B4: ='HQ-รายวัน'!B4 -> 3 ก.พ. | C4: ='HQ-รายวัน'!C4 -> 4 ก.พ. | D4: ='HQ-รายวัน'!D4 -> 5 ก.พ. | E4: ='HQ-รายวัน'!E4 -> 6 ก.พ. | F4: ='HQ-รายวัน'!F4 -> 7 ก.พ. | G4: ='HQ-รายวัน'!G4 -> 8 ก.พ. | H4: ='HQ-รายวัน'!H4 -> 9 ก.พ. | I4: ='HQ-รายวัน'!I4 -> 10 ก.พ. | ... BI4: ='HQ-รายวัน'!BI4 -> 3 เม.ย.
A5: แผน (เครื่อง) | B5: ='HQ-รายวัน'!B7 -> 34 | C5: ='HQ-รายวัน'!C7 -> 0 | D5: ='HQ-รายวัน'!D7 -> 0 | E5: ='HQ-รายวัน'!E7 -> 0 | F5: ='HQ-รายวัน'!F7 -> 0 | G5: ='HQ-รายวัน'!G7 -> 0 | H5: ='HQ-รายวัน'!H7 -> 0 | I5: ='HQ-รายวัน'!I7 -> 0 | ... BI5: ='HQ-รายวัน'!BI7 -> 2
A6: Migration จริง (เครื่อง) | B6: ='HQ-รายวัน'!B22 -> 27 | C6: ='HQ-รายวัน'!C22 -> 0 | D6: ='HQ-รายวัน'!D22 -> 0 | E6: ='HQ-รายวัน'!E22 -> 0 | F6: ='HQ-รายวัน'!F22 -> 0 | G6: ='HQ-รายวัน'!G22 -> 0 | H6: ='HQ-รายวัน'!H22 -> 0 | I6: ='HQ-รายวัน'!I22 -> 0 | ... AY6: ='HQ-รายวัน'!AY22 -> 7
A7: มากกว่าแผน (เครื่อง) | B7: ='HQ-รายวัน'!B23 -> 0 | C7: ='HQ-รายวัน'!C23 -> 0 | D7: ='HQ-รายวัน'!D23 -> 0 | E7: ='HQ-รายวัน'!E23 -> 0 | F7: ='HQ-รายวัน'!F23 -> 0 | G7: ='HQ-รายวัน'!G23 -> 0 | H7: ='HQ-รายวัน'!H23 -> 0 | I7: ='HQ-รายวัน'!I23 -> 0 | ... AY7: ='HQ-รายวัน'!AY23 -> 0
A8: ต่ำกว่าแผน (เครื่อง) | B8: ='HQ-รายวัน'!B24 -> 7 | C8: ='HQ-รายวัน'!C24 -> 0 | D8: ='HQ-รายวัน'!D24 -> 0 | E8: ='HQ-รายวัน'!E24 -> 0 | F8: ='HQ-รายวัน'!F24 -> 0 | G8: ='HQ-รายวัน'!G24 -> 0 | H8: ='HQ-รายวัน'!H24 -> 0 | I8: ='HQ-รายวัน'!I24 -> 0 | ... AY8: ='HQ-รายวัน'!AY24 -> 0
A9: % สะสมตามแผน | B9: ='HQ-รายวัน'!B33 -> 0.1761658 | C9: ='HQ-รายวัน'!C33 -> 0.1761658 | D9: ='HQ-รายวัน'!D33 -> 0.1761658 | E9: ='HQ-รายวัน'!E33 -> 0.1761658 | F9: ='HQ-รายวัน'!F33 -> 0.1761658 | G9: ='HQ-รายวัน'!G33 -> 0.1761658 | H9: ='HQ-รายวัน'!H33 -> 0.1761658 | I9: ='HQ-รายวัน'!I33 -> 0.1761658 | ... BI9: ='HQ-รายวัน'!BI33 -> 0.91709845
A10: % สะสมจริง | B10: ='HQ-รายวัน'!B32 -> 0.13989637 | C10: ='HQ-รายวัน'!C32 -> 0.13989637 | D10: ='HQ-รายวัน'!D32 -> 0.13989637 | E10: ='HQ-รายวัน'!E32 -> 0.13989637 | F10: ='HQ-รายวัน'!F32 -> 0.13989637 | G10: ='HQ-รายวัน'!G32 -> 0.13989637 | H10: ='HQ-รายวัน'!H32 -> 0.13989637 | I10: ='HQ-รายวัน'!I32 -> 0.13989637 | ... AY10: ='HQ-รายวัน'!AY32 -> 0.76683938

Sheet SVB
A1: No. | B1: Fabric | C1: Location | D1: Room | E1: Device Type | F1: Qty | G1: Qty. Success | H1: Install Date | I1: Scheduled Date | J1: Status | K1: Category | L1: Remark | M1: Configuration | N1: Installation | O1: Migration | P1: Total | Q1: Remark | R1: วันที่เริ่ม (Helper) | S1: วันที่ติดตั้ง (Helper)
A2: 1 | B2: D1-041 | C2: อาคารสำนักงานท่าอากาศยานสุวรรณภูมิ | D2: - | E2: Access Point | F2: 176 | I2: 46105 | J2: On Plan | K2: =IF(ISNUMBER(SEARCH("Access Point",E2)),"AP",IF(OR(ISNUMBER(SEARCH("Switch",E2)),ISNUMBER(SEARCH("Control Type",E2))),"Switch","Infra")) -> AP | M2: =O2 -> 0 | N2: =O2 -> 0 | O2: =All_Detail_v2[[#This Row],[Qty. Success]] -> 0 | P2: =IF(All_Detail_v2[[#This Row],[Qty]]=0,1,(M2+N2+O2)/(All_Detail_v2[[#This Row],[Qty]]*3)) -> 0 | R2: =All_Detail_v2[[#This Row],[Scheduled Date]] -> 46105 | S2: =All_Detail_v2[[#This Row],[Install Date]] -> 0
A3: 2 | B3: D1-041 | C3: อาคารสำนักงานท่าอากาศยานสุวรรณภูมิ | D3: 101ELE | E3: Access Switch Type 3 | F3: 4 | G3: 4 | H3: 46073 | I3: 46073 | J3: Success | K3: =IF(ISNUMBER(SEARCH("Access Point",E3)),"AP",IF(OR(ISNUMBER(SEARCH("Switch",E3)),ISNUMBER(SEARCH("Control Type",E3))),"Switch","Infra")) -> Switch | M3: =O3 -> 4 | N3: =O3 -> 4 | O3: =All_Detail_v2[[#This Row],[Qty. Success]] -> 4 | P3: =IF(All_Detail_v2[[#This Row],[Qty]]=0,1,(M3+N3+O3)/(All_Detail_v2[[#This Row],[Qty]]*3)) -> 1 | R3: =All_Detail_v2[[#This Row],[Scheduled Date]] -> 46073 | S3: =All_Detail_v2[[#This Row],[Install Date]] -> 46073
A4: 3 | B4: D1-041 | C4: อาคารสำนักงานท่าอากาศยานสุวรรณภูมิ | D4: 104LAN Air-Condition | E4: Access Switch Type 2 | F4: 2 | I4: 46129 | J4: On Plan | K4: =IF(ISNUMBER(SEARCH("Access Point",E4)),"AP",IF(OR(ISNUMBER(SEARCH("Switch",E4)),ISNUMBER(SEARCH("Control Type",E4))),"Switch","Infra")) -> Switch | M4: =O4 -> 0 | N4: =O4 -> 0 | O4: =All_Detail_v2[[#This Row],[Qty. Success]] -> 0 | P4: =IF(All_Detail_v2[[#This Row],[Qty]]=0,1,(M4+N4+O4)/(All_Detail_v2[[#This Row],[Qty]]*3)) -> 0 | R4: =All_Detail_v2[[#This Row],[Scheduled Date]] -> 46129 | S4: =All_Detail_v2[[#This Row],[Install Date]] -> 0
A5: 4 | B5: D1-041 | C5: อาคารสำนักงานท่าอากาศยานสุวรรณภูมิ | D5: 104LAN Server Room | E5: Aggregation Switch Type 1 | F5: 2 | G5: 2 | H5: 46063 | I5: 46070 | J5: Success | K5: =IF(ISNUMBER(SEARCH("Access Point",E5)),"AP",IF(OR(ISNUMBER(SEARCH("Switch",E5)),ISNUMBER(SEARCH("Control Type",E5))),"Switch","Infra")) -> Switch | M5: =O5 -> 2 | N5: =O5 -> 2 | O5: =All_Detail_v2[[#This Row],[Qty. Success]] -> 2 | P5: =IF(All_Detail_v2[[#This Row],[Qty]]=0,1,(M5+N5+O5)/(All_Detail_v2[[#This Row],[Qty]]*3)) -> 1 | R5: =All_Detail_v2[[#This Row],[Scheduled Date]] -> 46070 | S5: =All_Detail_v2[[#This Row],[Install Date]] -> 46063
A6: 5 | B6: D1-041 | C6: อาคารสำนักงานท่าอากาศยานสุวรรณภูมิ | D6: 105 Computer-Security Department | E6: Access Switch Type 1 | F6: 5 | I6: 46129 | J6: On Plan | K6: =IF(ISNUMBER(SEARCH("Access Point",E6)),"AP",IF(OR(ISNUMBER(SEARCH("Switch",E6)),ISNUMBER(SEARCH("Control Type",E6))),"Switch","Infra")) -> Switch | M6: =O6 -> 0 | N6: =O6 -> 0 | O6: =All_Detail_v2[[#This Row],[Qty. Success]] -> 0 | P6: =IF(All_Detail_v2[[#This Row],[Qty]]=0,1,(M6+N6+O6)/(All_Detail_v2[[#This Row],[Qty]]*3)) -> 0 | R6: =All_Detail_v2[[#This Row],[Scheduled Date]] -> 46129 | S6: =All_Detail_v2[[#This Row],[Install Date]] -> 0
A7: 6 | B7: D1-041 | C7: อาคารสำนักงานท่าอากาศยานสุวรรณภูมิ | D7: 105 Computer-Security Department | E7: Access Switch Type 4 | F7: 1 | I7: 46129 | J7: On Plan | K7: =IF(ISNUMBER(SEARCH("Access Point",E7)),"AP",IF(OR(ISNUMBER(SEARCH("Switch",E7)),ISNUMBER(SEARCH("Control Type",E7))),"Switch","Infra")) -> Switch | M7: =O7 -> 0 | N7: =O7 -> 0 | O7: =All_Detail_v2[[#This Row],[Qty. Success]] -> 0 | P7: =IF(All_Detail_v2[[#This Row],[Qty]]=0,1,(M7+N7+O7)/(All_Detail_v2[[#This Row],[Qty]]*3)) -> 0 | R7: =All_Detail_v2[[#This Row],[Scheduled Date]] -> 46129 | S7: =All_Detail_v2[[#This Row],[Install Date]] -> 0
A8: 7 | B8: D1-041 | C8: อาคารสำนักงานท่าอากาศยานสุวรรณภูมิ | D8: 201ELE | E8: Access Switch Type 3 | F8: 4 | G8: 4 | H8: 46072 | I8: 46072 | J8: Success | K8: =IF(ISNUMBER(SEARCH("Access Point",E8)),"AP",IF(OR(ISNUMBER(SEARCH("Switch",E8)),ISNUMBER(SEARCH("Control Type",E8))),"Switch","Infra")) -> Switch | M8: =O8 -> 4 | N8: =O8 -> 4 | O8: =All_Detail_v2[[#This Row],[Qty. Success]] -> 4 | P8: =IF(All_Detail_v2[[#This Row],[Qty]]=0,1,(M8+N8+O8)/(All_Detail_v2[[#This Row],[Qty]]*3)) -> 1 | R8: =All_Detail_v2[[#This Row],[Scheduled Date]] -> 46072 | S8: =All_Detail_v2[[#This Row],[Install Date]] -> 46072
A9: 8 | B9: D1-041 | C9: อาคารสำนักงานท่าอากาศยานสุวรรณภูมิ | D9: 202ELE | E9: Access Switch Type 1 | F9: 3 | G9: 3 | H9: 46090 | I9: 46090 | J9: Success | K9: =IF(ISNUMBER(SEARCH("Access Point",E9)),"AP",IF(OR(ISNUMBER(SEARCH("Switch",E9)),ISNUMBER(SEARCH("Control Type",E9))),"Switch","Infra")) -> Switch | M9: =O9 -> 3 | N9: =O9 -> 3 | O9: =All_Detail_v2[[#This Row],[Qty. Success]] -> 3 | P9: =IF(All_Detail_v2[[#This Row],[Qty]]=0,1,(M9+N9+O9)/(All_Detail_v2[[#This Row],[Qty]]*3)) -> 1 | R9: =All_Detail_v2[[#This Row],[Scheduled Date]] -> 46090 | S9: =All_Detail_v2[[#This Row],[Install Date]] -> 46090
A10: 9 | B10: D1-041 | C10: อาคารสำนักงานท่าอากาศยานสุวรรณภูมิ | D10: 202ELE | E10: Access Switch Type 4 | F10: 7 | G10: 7 | H10: 46090 | I10: 46090 | J10: Success | K10: =IF(ISNUMBER(SEARCH("Access Point",E10)),"AP",IF(OR(ISNUMBER(SEARCH("Switch",E10)),ISNUMBER(SEARCH("Control Type",E10))),"Switch","Infra")) -> Switch | M10: =O10 -> 7 | N10: =O10 -> 7 | O10: =All_Detail_v2[[#This Row],[Qty. Success]] -> 7 | P10: =IF(All_Detail_v2[[#This Row],[Qty]]=0,1,(M10+N10+O10)/(All_Detail_v2[[#This Row],[Qty]]*3)) -> 1 | R10: =All_Detail_v2[[#This Row],[Scheduled Date]] -> 46090 | S10: =All_Detail_v2[[#This Row],[Install Date]] -> 46090
A11: 10 | B11: D1-041 | C11: อาคารสำนักงานท่าอากาศยานสุวรรณภูมิ | D11: 204COM Room | E11: Access Switch Type 1 | F11: 5 | G11: 5 | H11: 46072 | I11: 46072 | J11: Success | K11: =IF(ISNUMBER(SEARCH("Access Point",E11)),"AP",IF(OR(ISNUMBER(SEARCH("Switch",E11)),ISNUMBER(SEARCH("Control Type",E11))),"Switch","Infra")) -> Switch | M11: =O11 -> 5 | N11: =O11 -> 5 | O11: =All_Detail_v2[[#This Row],[Qty. Success]] -> 5 | P11: =IF(All_Detail_v2[[#This Row],[Qty]]=0,1,(M11+N11+O11)/(All_Detail_v2[[#This Row],[Qty]]*3)) -> 1 | R11: =All_Detail_v2[[#This Row],[Scheduled Date]] -> 46072 | S11: =All_Detail_v2[[#This Row],[Install Date]] -> 46072
A12: 11 | B12: D1-041 | C12: อาคารสำนักงานท่าอากาศยานสุวรรณภูมิ | D12: 204COM Room | E12: Access Switch Type 2 | F12: 2 | G12: 2 | H12: 46072 | I12: 46072 | J12: Success | K12: =IF(ISNUMBER(SEARCH("Access Point",E12)),"AP",IF(OR(ISNUMBER(SEARCH("Switch",E12)),ISNUMBER(SEARCH("Control Type",E12))),"Switch","Infra")) -> Switch | M12: =O12 -> 2 | N12: =O12 -> 2 | O12: =All_Detail_v2[[#This Row],[Qty. Success]] -> 2 | P12: =IF(All_Detail_v2[[#This Row],[Qty]]=0,1,(M12+N12+O12)/(All_Detail_v2[[#This Row],[Qty]]*3)) -> 1 | R12: =All_Detail_v2[[#This Row],[Scheduled Date]] -> 46072 | S12: =All_Detail_v2[[#This Row],[Install Date]] -> 46072
A13: 12 | B13: D1-041 | C13: อาคารสำนักงานท่าอากาศยานสุวรรณภูมิ | D13: 204COM Room | E13: Access Switch Type 4 | F13: 1 | G13: 1 | H13: 46072 | I13: 46072 | J13: Success | K13: =IF(ISNUMBER(SEARCH("Access Point",E13)),"AP",IF(OR(ISNUMBER(SEARCH("Switch",E13)),ISNUMBER(SEARCH("Control Type",E13))),"Switch","Infra")) -> Switch | M13: =O13 -> 1 | N13: =O13 -> 1 | O13: =All_Detail_v2[[#This Row],[Qty. Success]] -> 1 | P13: =IF(All_Detail_v2[[#This Row],[Qty]]=0,1,(M13+N13+O13)/(All_Detail_v2[[#This Row],[Qty]]*3)) -> 1 | R13: =All_Detail_v2[[#This Row],[Scheduled Date]] -> 46072 | S13: =All_Detail_v2[[#This Row],[Install Date]] -> 46072
A14: 12 | B14: D1-041 | C14: อาคารสำนักงานท่าอากาศยานสุวรรณภูมิ | D14: 204COM Room | E14: Access Point | F14: 12 | G14: 12 | H14: 46072 | I14: 46072 | J14: Success | K14: =IF(ISNUMBER(SEARCH("Access Point",E14)),"AP",IF(OR(ISNUMBER(SEARCH("Switch",E14)),ISNUMBER(SEARCH("Control Type",E14))),"Switch","Infra")) -> AP | L14: *แยกรายการมาจาก Access Point หลัก | M14: =O14 -> 12 | N14: =O14 -> 12 | O14: =All_Detail_v2[[#This Row],[Qty. Success]] -> 12 | P14: =IF(All_Detail_v2[[#This Row],[Qty]]=0,1,(M14+N14+O14)/(All_Detail_v2[[#This Row],[Qty]]*3)) -> 1 | R14: =All_Detail_v2[[#This Row],[Scheduled Date]] -> 46072 | S14: =All_Detail_v2[[#This Row],[Install Date]] -> 46072
A15: 13 | B15: D1-041 | C15: อาคารสำนักงานท่าอากาศยานสุวรรณภูมิ | D15: 301ELE | E15: Access Switch Type 3 | F15: 4 | G15: 4 | H15: 46069 | I15: 46069 | J15: Success | K15: =IF(ISNUMBER(SEARCH("Access Point",E15)),"AP",IF(OR(ISNUMBER(SEARCH("Switch",E15)),ISNUMBER(SEARCH("Control Type",E15))),"Switch","Infra")) -> Switch | M15: =O15 -> 4 | N15: =O15 -> 4 | O15: =All_Detail_v2[[#This Row],[Qty. Success]] -> 4 | P15: =IF(All_Detail_v2[[#This Row],[Qty]]=0,1,(M15+N15+O15)/(All_Detail_v2[[#This Row],[Qty]]*3)) -> 1 | R15: =All_Detail_v2[[#This Row],[Scheduled Date]] -> 46069 | S15: =All_Detail_v2[[#This Row],[Install Date]] -> 46069
A16: 14 | B16: D1-041 | C16: อาคารสำนักงานท่าอากาศยานสุวรรณภูมิ | D16: 302ELE | E16: Access Switch Type 1 | F16: 1 | G16: 1 | H16: 46071 | I16: 46071 | J16: Success | K16: =IF(ISNUMBER(SEARCH("Access Point",E16)),"AP",IF(OR(ISNUMBER(SEARCH("Switch",E16)),ISNUMBER(SEARCH("Control Type",E16))),"Switch","Infra")) -> Switch | M16: =O16 -> 1 | N16: =O16 -> 1 | O16: =All_Detail_v2[[#This Row],[Qty. Success]] -> 1 | P16: =IF(All_Detail_v2[[#This Row],[Qty]]=0,1,(M16+N16+O16)/(All_Detail_v2[[#This Row],[Qty]]*3)) -> 1 | R16: =All_Detail_v2[[#This Row],[Scheduled Date]] -> 46071 | S16: =All_Detail_v2[[#This Row],[Install Date]] -> 46071
A17: 15 | B17: D1-041 | C17: อาคารสำนักงานท่าอากาศยานสุวรรณภูมิ | D17: 302ELE | E17: Access Switch Type 4 | F17: 2 | G17: 2 | H17: 46071 | I17: 46071 | J17: Success | K17: =IF(ISNUMBER(SEARCH("Access Point",E17)),"AP",IF(OR(ISNUMBER(SEARCH("Switch",E17)),ISNUMBER(SEARCH("Control Type",E17))),"Switch","Infra")) -> Switch | M17: =O17 -> 2 | N17: =O17 -> 2 | O17: =All_Detail_v2[[#This Row],[Qty. Success]] -> 2 | P17: =IF(All_Detail_v2[[#This Row],[Qty]]=0,1,(M17+N17+O17)/(All_Detail_v2[[#This Row],[Qty]]*3)) -> 1 | R17: =All_Detail_v2[[#This Row],[Scheduled Date]] -> 46071 | S17: =All_Detail_v2[[#This Row],[Install Date]] -> 46071
A18: 16 | B18: D1-041 | C18: อาคารสำนักงานท่าอากาศยานสุวรรณภูมิ | D18: 302ELE | E18: Access Point | F18: 9 | G18: 9 | H18: 46071 | I18: 46071 | J18: Success | K18: =IF(ISNUMBER(SEARCH("Access Point",E18)),"AP",IF(OR(ISNUMBER(SEARCH("Switch",E18)),ISNUMBER(SEARCH("Control Type",E18))),"Switch","Infra")) -> AP | L18: *แยกรายการมาจาก Access Point หลัก | M18: =O18 -> 9 | N18: =O18 -> 9 | O18: =All_Detail_v2[[#This Row],[Qty. Success]] -> 9 | P18: =IF(All_Detail_v2[[#This Row],[Qty]]=0,1,(M18+N18+O18)/(All_Detail_v2[[#This Row],[Qty]]*3)) -> 1 | R18: =All_Detail_v2[[#This Row],[Scheduled Date]] -> 46071 | S18: =All_Detail_v2[[#This Row],[Install Date]] -> 46071
A19: 17 | B19: D1-041 | C19: อาคารสำนักงานท่าอากาศยานสุวรรณภูมิ | D19: 304COM Room | E19: Access Switch Type 1 | F19: 4 | G19: 4 | H19: 46091 | I19: 46091 | J19: Success | K19: =IF(ISNUMBER(SEARCH("Access Point",E19)),"AP",IF(OR(ISNUMBER(SEARCH("Switch",E19)),ISNUMBER(SEARCH("Control Type",E19))),"Switch","Infra")) -> Switch | M19: =O19 -> 4 | N19: =O19 -> 4 | O19: =All_Detail_v2[[#This Row],[Qty. Success]] -> 4 | P19: =IF(All_Detail_v2[[#This Row],[Qty]]=0,1,(M19+N19+O19)/(All_Detail_v2[[#This Row],[Qty]]*3)) -> 1 | R19: =All_Detail_v2[[#This Row],[Scheduled Date]] -> 46091 | S19: =All_Detail_v2[[#This Row],[Install Date]] -> 46091
A20: 18 | B20: D1-041 | C20: อาคารสำนักงานท่าอากาศยานสุวรรณภูมิ | D20: 304COM Room | E20: Access Switch Type 4 | F20: 1 | G20: 1 | H20: 46091 | I20: 46091 | J20: Success | K20: =IF(ISNUMBER(SEARCH("Access Point",E20)),"AP",IF(OR(ISNUMBER(SEARCH("Switch",E20)),ISNUMBER(SEARCH("Control Type",E20))),"Switch","Infra")) -> Switch | M20: =O20 -> 1 | N20: =O20 -> 1 | O20: =All_Detail_v2[[#This Row],[Qty. Success]] -> 1 | P20: =IF(All_Detail_v2[[#This Row],[Qty]]=0,1,(M20+N20+O20)/(All_Detail_v2[[#This Row],[Qty]]*3)) -> 1 | R20: =All_Detail_v2[[#This Row],[Scheduled Date]] -> 46091 | S20: =All_Detail_v2[[#This Row],[Install Date]] -> 46091
A21: 19 | B21: D1-041 | C21: อาคารสำนักงานท่าอากาศยานสุวรรณภูมิ | D21: 401ELE | E21: Access Switch Type 3 | F21: 2 | G21: 2 | H21: 46069 | I21: 46069 | J21: Success | K21: =IF(ISNUMBER(SEARCH("Access Point",E21)),"AP",IF(OR(ISNUMBER(SEARCH("Switch",E21)),ISNUMBER(SEARCH("Control Type",E21))),"Switch","Infra")) -> Switch | M21: =O21 -> 2 | N21: =O21 -> 2 | O21: =All_Detail_v2[[#This Row],[Qty. Success]] -> 2 | P21: =IF(All_Detail_v2[[#This Row],[Qty]]=0,1,(M21+N21+O21)/(All_Detail_v2[[#This Row],[Qty]]*3)) -> 1 | R21: =All_Detail_v2[[#This Row],[Scheduled Date]] -> 46069 | S21: =All_Detail_v2[[#This Row],[Install Date]] -> 46069
A22: 20 | B22: D1-041 | C22: อาคารสำนักงานท่าอากาศยานสุวรรณภูมิ | D22: 402ELE | E22: Access Switch Type 1 | F22: 2 | G22: 2 | H22: 46070 | I22: 46070 | J22: Success | K22: =IF(ISNUMBER(SEARCH("Access Point",E22)),"AP",IF(OR(ISNUMBER(SEARCH("Switch",E22)),ISNUMBER(SEARCH("Control Type",E22))),"Switch","Infra")) -> Switch | M22: =O22 -> 2 | N22: =O22 -> 2 | O22: =All_Detail_v2[[#This Row],[Qty. Success]] -> 2 | P22: =IF(All_Detail_v2[[#This Row],[Qty]]=0,1,(M22+N22+O22)/(All_Detail_v2[[#This Row],[Qty]]*3)) -> 1 | R22: =All_Detail_v2[[#This Row],[Scheduled Date]] -> 46070 | S22: =All_Detail_v2[[#This Row],[Install Date]] -> 46070
A23: 21 | B23: D1-041 | C23: อาคารสำนักงานท่าอากาศยานสุวรรณภูมิ | D23: 402ELE | E23: Access Switch Type 4 | F23: 4 | G23: 4 | H23: 46070 | I23: 46070 | J23: Success | K23: =IF(ISNUMBER(SEARCH("Access Point",E23)),"AP",IF(OR(ISNUMBER(SEARCH("Switch",E23)),ISNUMBER(SEARCH("Control Type",E23))),"Switch","Infra")) -> Switch | M23: =O23 -> 4 | N23: =O23 -> 4 | O23: =All_Detail_v2[[#This Row],[Qty. Success]] -> 4 | P23: =IF(All_Detail_v2[[#This Row],[Qty]]=0,1,(M23+N23+O23)/(All_Detail_v2[[#This Row],[Qty]]*3)) -> 1 | R23: =All_Detail_v2[[#This Row],[Scheduled Date]] -> 46070 | S23: =All_Detail_v2[[#This Row],[Install Date]] -> 46070
A24: 21 | B24: D1-041 | C24: อาคารสำนักงานท่าอากาศยานสุวรรณภูมิ | D24: 402ELE | E24: Access Point | F24: 15 | G24: 15 | H24: 46070 | I24: 46070 | J24: Success | K24: =IF(ISNUMBER(SEARCH("Access Point",E24)),"AP",IF(OR(ISNUMBER(SEARCH("Switch",E24)),ISNUMBER(SEARCH("Control Type",E24))),"Switch","Infra")) -> AP | L24: *แยกรายการมาจาก Access Point หลัก | M24: =O24 -> 15 | N24: =O24 -> 15 | O24: =All_Detail_v2[[#This Row],[Qty. Success]] -> 15 | P24: =IF(All_Detail_v2[[#This Row],[Qty]]=0,1,(M24+N24+O24)/(All_Detail_v2[[#This Row],[Qty]]*3)) -> 1 | R24: =All_Detail_v2[[#This Row],[Scheduled Date]] -> 46070 | S24: =All_Detail_v2[[#This Row],[Install Date]] -> 46070
A25: 22 | B25: D1-041 | C25: อาคารสำนักงานท่าอากาศยานสุวรรณภูมิ | D25: 406COM Room | E25: Access Switch Type 1 | F25: 2 | G25: 2 | H25: 46091 | I25: 46091 | J25: Success | K25: =IF(ISNUMBER(SEARCH("Access Point",E25)),"AP",IF(OR(ISNUMBER(SEARCH("Switch",E25)),ISNUMBER(SEARCH("Control Type",E25))),"Switch","Infra")) -> Switch | M25: =O25 -> 2 | N25: =O25 -> 2 | O25: =All_Detail_v2[[#This Row],[Qty. Success]] -> 2 | P25: =IF(All_Detail_v2[[#This Row],[Qty]]=0,1,(M25+N25+O25)/(All_Detail_v2[[#This Row],[Qty]]*3)) -> 1 | R25: =All_Detail_v2[[#This Row],[Scheduled Date]] -> 46091 | S25: =All_Detail_v2[[#This Row],[Install Date]] -> 46091
A26: 23 | B26: D1-041 | C26: อาคารสำนักงานท่าอากาศยานสุวรรณภูมิ | D26: 406COM Room | E26: Access Switch Type 4 | F26: 1 | G26: 1 | H26: 46091 | I26: 46091 | J26: Success | K26: =IF(ISNUMBER(SEARCH("Access Point",E26)),"AP",IF(OR(ISNUMBER(SEARCH("Switch",E26)),ISNUMBER(SEARCH("Control Type",E26))),"Switch","Infra")) -> Switch | M26: =O26 -> 1 | N26: =O26 -> 1 | O26: =All_Detail_v2[[#This Row],[Qty. Success]] -> 1 | P26: =IF(All_Detail_v2[[#This Row],[Qty]]=0,1,(M26+N26+O26)/(All_Detail_v2[[#This Row],[Qty]]*3)) -> 1 | R26: =All_Detail_v2[[#This Row],[Scheduled Date]] -> 46091 | S26: =All_Detail_v2[[#This Row],[Install Date]] -> 46091
A27: 24 | B27: D1-041 | C27: อาคารสำนักงานท่าอากาศยานสุวรรณภูมิ | D27: 500COM Room | E27: Access Switch Type 1 | F27: 4 | G27: 4 | H27: 46099 | I27: 46099 | J27: Success | K27: =IF(ISNUMBER(SEARCH("Access Point",E27)),"AP",IF(OR(ISNUMBER(SEARCH("Switch",E27)),ISNUMBER(SEARCH("Control Type",E27))),"Switch","Infra")) -> Switch | M27: =O27 -> 4 | N27: =O27 -> 4 | O27: =All_Detail_v2[[#This Row],[Qty. Success]] -> 4 | P27: =IF(All_Detail_v2[[#This Row],[Qty]]=0,1,(M27+N27+O27)/(All_Detail_v2[[#This Row],[Qty]]*3)) -> 1 | R27: =All_Detail_v2[[#This Row],[Scheduled Date]] -> 46099 | S27: =All_Detail_v2[[#This Row],[Install Date]] -> 46099
A28: 25 | B28: D1-041 | C28: อาคารสำนักงานท่าอากาศยานสุวรรณภูมิ | D28: 500COM Room | E28: Access Switch Type 4 | F28: 3 | G28: 3 | H28: 46099 | I28: 46099 | J28: Success | K28: =IF(ISNUMBER(SEARCH("Access Point",E28)),"AP",IF(OR(ISNUMBER(SEARCH("Switch",E28)),ISNUMBER(SEARCH("Control Type",E28))),"Switch","Infra")) -> Switch | M28: =O28 -> 3 | N28: =O28 -> 3 | O28: =All_Detail_v2[[#This Row],[Qty. Success]] -> 3 | P28: =IF(All_Detail_v2[[#This Row],[Qty]]=0,1,(M28+N28+O28)/(All_Detail_v2[[#This Row],[Qty]]*3)) -> 1 | R28: =All_Detail_v2[[#This Row],[Scheduled Date]] -> 46099 | S28: =All_Detail_v2[[#This Row],[Install Date]] -> 46099
A29: 26 | B29: D1-041 | C29: อาคารสำนักงานท่าอากาศยานสุวรรณภูมิ | D29: 501ELE | E29: Access Switch Type 3 | F29: 3 | G29: 3 | H29: 46099 | I29: 46099 | J29: Success | K29: =IF(ISNUMBER(SEARCH("Access Point",E29)),"AP",IF(OR(ISNUMBER(SEARCH("Switch",E29)),ISNUMBER(SEARCH("Control Type",E29))),"Switch","Infra")) -> Switch | M29: =O29 -> 3 | N29: =O29 -> 3 | O29: =All_Detail_v2[[#This Row],[Qty. Success]] -> 3 | P29: =IF(All_Detail_v2[[#This Row],[Qty]]=0,1,(M29+N29+O29)/(All_Detail_v2[[#This Row],[Qty]]*3)) -> 1 | R29: =All_Detail_v2[[#This Row],[Scheduled Date]] -> 46099 | S29: =All_Detail_v2[[#This Row],[Install Date]] -> 46099
A30: 27 | B30: D1-041 | C30: อาคารสำนักงานท่าอากาศยานสุวรรณภูมิ | D30: 502ELE | E30: Access Switch Type 3 | F30: 2 | G30: 2 | H30: 46073 | I30: 46073 | J30: Success | K30: =IF(ISNUMBER(SEARCH("Access Point",E30)),"AP",IF(OR(ISNUMBER(SEARCH("Switch",E30)),ISNUMBER(SEARCH("Control Type",E30))),"Switch","Infra")) -> Switch | M30: =O30 -> 2 | N30: =O30 -> 2 | O30: =All_Detail_v2[[#This Row],[Qty. Success]] -> 2 | P30: =IF(All_Detail_v2[[#This Row],[Qty]]=0,1,(M30+N30+O30)/(All_Detail_v2[[#This Row],[Qty]]*3)) -> 1 | R30: =All_Detail_v2[[#This Row],[Scheduled Date]] -> 46073 | S30: =All_Detail_v2[[#This Row],[Install Date]] -> 46073
A31: 28 | B31: D1-041 | C31: อาคารสำนักงานท่าอากาศยานสุวรรณภูมิ | D31: 603FAN | E31: Access Switch Type 4 | F31: 1 | G31: 1 | H31: 46071 | I31: 46071 | J31: Success | K31: =IF(ISNUMBER(SEARCH("Access Point",E31)),"AP",IF(OR(ISNUMBER(SEARCH("Switch",E31)),ISNUMBER(SEARCH("Control Type",E31))),"Switch","Infra")) -> Switch | M31: =O31 -> 1 | N31: =O31 -> 1 | O31: =All_Detail_v2[[#This Row],[Qty. Success]] -> 1 | P31: =IF(All_Detail_v2[[#This Row],[Qty]]=0,1,(M31+N31+O31)/(All_Detail_v2[[#This Row],[Qty]]*3)) -> 1 | R31: =All_Detail_v2[[#This Row],[Scheduled Date]] -> 46071 | S31: =All_Detail_v2[[#This Row],[Install Date]] -> 46071
A32: 29 | B32: D1-041 | C32: อาคารสำนักงานท่าอากาศยานสุวรรณภูมิ | D32: 603FAN2 | E32: Access Switch Type 1 | F32: 2 | G32: 2 | H32: 46071 | I32: 46071 | J32: Success | K32: =IF(ISNUMBER(SEARCH("Access Point",E32)),"AP",IF(OR(ISNUMBER(SEARCH("Switch",E32)),ISNUMBER(SEARCH("Control Type",E32))),"Switch","Infra")) -> Switch | M32: =O32 -> 2 | N32: =O32 -> 2 | O32: =All_Detail_v2[[#This Row],[Qty. Success]] -> 2 | P32: =IF(All_Detail_v2[[#This Row],[Qty]]=0,1,(M32+N32+O32)/(All_Detail_v2[[#This Row],[Qty]]*3)) -> 1 | R32: =All_Detail_v2[[#This Row],[Scheduled Date]] -> 46071 | S32: =All_Detail_v2[[#This Row],[Install Date]] -> 46071
A33: 30 | B33: D1-041 | C33: อาคารสำนักงานท่าอากาศยานสุวรรณภูมิ | D33: 603FAN2 | E33: Access Switch Type 3 | F33: 2 | G33: 2 | H33: 46071 | I33: 46071 | J33: Success | K33: =IF(ISNUMBER(SEARCH("Access Point",E33)),"AP",IF(OR(ISNUMBER(SEARCH("Switch",E33)),ISNUMBER(SEARCH("Control Type",E33))),"Switch","Infra")) -> Switch | M33: =O33 -> 2 | N33: =O33 -> 2 | O33: =All_Detail_v2[[#This Row],[Qty. Success]] -> 2 | P33: =IF(All_Detail_v2[[#This Row],[Qty]]=0,1,(M33+N33+O33)/(All_Detail_v2[[#This Row],[Qty]]*3)) -> 1 | R33: =All_Detail_v2[[#This Row],[Scheduled Date]] -> 46071 | S33: =All_Detail_v2[[#This Row],[Install Date]] -> 46071
A34: 30 | B34: D1-041 | C34: อาคารสำนักงานท่าอากาศยานสุวรรณภูมิ | D34: 603FAN2 | E34: Access Point | F34: 7 | G34: 7 | H34: 46071 | I34: 46071 | J34: Success | K34: =IF(ISNUMBER(SEARCH("Access Point",E34)),"AP",IF(OR(ISNUMBER(SEARCH("Switch",E34)),ISNUMBER(SEARCH("Control Type",E34))),"Switch","Infra")) -> AP | L34: *แยกรายการมาจาก Access Point หลัก | M34: =O34 -> 7 | N34: =O34 -> 7 | O34: =All_Detail_v2[[#This Row],[Qty. Success]] -> 7 | P34: =IF(All_Detail_v2[[#This Row],[Qty]]=0,1,(M34+N34+O34)/(All_Detail_v2[[#This Row],[Qty]]*3)) -> 1 | R34: =All_Detail_v2[[#This Row],[Scheduled Date]] -> 46071 | S34: =All_Detail_v2[[#This Row],[Install Date]] -> 46071
A35: 31 | B35: D1-041 | C35: อาคารสำนักงานท่าอากาศยานสุวรรณภูมิ | D35: Canteen | E35: Access Switch Type 2 | F35: 2 | G35: 1 | H35: 46090 | I35: 46090 | J35: Success | K35: =IF(ISNUMBER(SEARCH("Access Point",E35)),"AP",IF(OR(ISNUMBER(SEARCH("Switch",E35)),ISNUMBER(SEARCH("Control Type",E35))),"Switch","Infra")) -> Switch | M35: =O35 -> 1 | N35: =O35 -> 1 | O35: =All_Detail_v2[[#This Row],[Qty. Success]] -> 1 | P35: =IF(All_Detail_v2[[#This Row],[Qty]]=0,1,(M35+N35+O35)/(All_Detail_v2[[#This Row],[Qty]]*3)) -> 0.5 | R35: =All_Detail_v2[[#This Row],[Scheduled Date]] -> 46090 | S35: =All_Detail_v2[[#This Row],[Install Date]] -> 46090
A36: 32 | B36: D1-041 | C36: อาคารสำนักงานท่าอากาศยานสุวรรณภูมิ | D36: Canteen | E36: Access Switch Type 4 | F36: 2 | G36: 1 | H36: 46090 | I36: 46090 | J36: Success | K36: =IF(ISNUMBER(SEARCH("Access Point",E36)),"AP",IF(OR(ISNUMBER(SEARCH("Switch",E36)),ISNUMBER(SEARCH("Control Type",E36))),"Switch","Infra")) -> Switch | M36: =O36 -> 1 | N36: =O36 -> 1 | O36: =All_Detail_v2[[#This Row],[Qty. Success]] -> 1 | P36: =IF(All_Detail_v2[[#This Row],[Qty]]=0,1,(M36+N36+O36)/(All_Detail_v2[[#This Row],[Qty]]*3)) -> 0.5 | R36: =All_Detail_v2[[#This Row],[Scheduled Date]] -> 46090 | S36: =All_Detail_v2[[#This Row],[Install Date]] -> 46090
A37: 33 | B37: D1-041 | C37: อาคารสำนักงานท่าอากาศยานสุวรรณภูมิ | D37: Corridor | E37: Access Switch Type 2 | F37: 1 | G37: 1 | H37: 46071 | I37: 46071 | J37: Success | K37: =IF(ISNUMBER(SEARCH("Access Point",E37)),"AP",IF(OR(ISNUMBER(SEARCH("Switch",E37)),ISNUMBER(SEARCH("Control Type",E37))),"Switch","Infra")) -> Switch | L37: AOB3 Coridor Casecade via 302ELE | M37: =O37 -> 1 | N37: =O37 -> 1 | O37: =All_Detail_v2[[#This Row],[Qty. Success]] -> 1 | P37: =IF(All_Detail_v2[[#This Row],[Qty]]=0,1,(M37+N37+O37)/(All_Detail_v2[[#This Row],[Qty]]*3)) -> 1 | R37: =All_Detail_v2[[#This Row],[Scheduled Date]] -> 46071 | S37: =All_Detail_v2[[#This Row],[Install Date]] -> 46071
A38: 34 | B38: D1-041 | C38: อาคารสำนักงานท่าอากาศยานสุวรรณภูมิ | D38: Unknown Room (APM) | E38: Access Switch Type 2 | F38: 1 | G38: 1 | H38: 46070 | I38: 46070 | J38: Success | K38: =IF(ISNUMBER(SEARCH("Access Point",E38)),"AP",IF(OR(ISNUMBER(SEARCH("Switch",E38)),ISNUMBER(SEARCH("Control Type",E38))),"Switch","Infra")) -> Switch | L38: *Change to Access Switch Type 4 | M38: =O38 -> 1 | N38: =O38 -> 1 | O38: =All_Detail_v2[[#This Row],[Qty. Success]] -> 1 | P38: =IF(All_Detail_v2[[#This Row],[Qty]]=0,1,(M38+N38+O38)/(All_Detail_v2[[#This Row],[Qty]]*3)) -> 1 | R38: =All_Detail_v2[[#This Row],[Scheduled Date]] -> 46070 | S38: =All_Detail_v2[[#This Row],[Install Date]] -> 46070
A39: 35 | B39: D1-041 | C39: อาคารสำนักงานท่าอากาศยานสุวรรณภูมิ | D39: Unknown Room (APM) | E39: Access Switch Type 4 | F39: 1 | G39: 1 | H39: 46070 | I39: 46070 | J39: Success | K39: =IF(ISNUMBER(SEARCH("Access Point",E39)),"AP",IF(OR(ISNUMBER(SEARCH("Switch",E39)),ISNUMBER(SEARCH("Control Type",E39))),"Switch","Infra")) -> Switch | L39: Room APM Casecade via 402ELE | M39: =O39 -> 1 | N39: =O39 -> 1 | O39: =All_Detail_v2[[#This Row],[Qty. Success]] -> 1 | P39: =IF(All_Detail_v2[[#This Row],[Qty]]=0,1,(M39+N39+O39)/(All_Detail_v2[[#This Row],[Qty]]*3)) -> 1 | R39: =All_Detail_v2[[#This Row],[Scheduled Date]] -> 46070 | S39: =All_Detail_v2[[#This Row],[Install Date]] -> 46070
A40: 36 | B40: D1-041 | C40: อาคารสำนักงานท่าอากาศยานสุวรรณภูมิ | D40: งานบริการยานพาหนะ | E40: Access Switch Type 2 | F40: 1 | G40: 1 | I40: 46174 | J40: Hold | K40: =IF(ISNUMBER(SEARCH("Access Point",E40)),"AP",IF(OR(ISNUMBER(SEARCH("Switch",E40)),ISNUMBER(SEARCH("Control Type",E40))),"Switch","Infra")) -> Switch | L40: *ยกเลิก 1 ตัว หน้างานติดตั้งไม่ได้ (คอนเฟริม By พี่โจ้) | M40: =O40 -> 1 | N40: =O40 -> 1 | O40: =All_Detail_v2[[#This Row],[Qty. Success]] -> 1 | P40: =IF(All_Detail_v2[[#This Row],[Qty]]=0,1,(M40+N40+O40)/(All_Detail_v2[[#This Row],[Qty]]*3)) -> 1 | R40: =All_Detail_v2[[#This Row],[Scheduled Date]] -> 46174 | S40: =All_Detail_v2[[#This Row],[Install Date]] -> 0
A41: 37 | B41: D1-041 | C41: อาคารสำนักงานท่าอากาศยานสุวรรณภูมิ | D41: งานบริการยานพาหนะ | E41: Access Switch Type 4 | F41: 1 | G41: 1 | H41: 46090 | I41: 46090 | J41: Success | K41: =IF(ISNUMBER(SEARCH("Access Point",E41)),"AP",IF(OR(ISNUMBER(SEARCH("Switch",E41)),ISNUMBER(SEARCH("Control Type",E41))),"Switch","Infra")) -> Switch | M41: =O41 -> 1 | N41: =O41 -> 1 | O41: =All_Detail_v2[[#This Row],[Qty. Success]] -> 1 | P41: =IF(All_Detail_v2[[#This Row],[Qty]]=0,1,(M41+N41+O41)/(All_Detail_v2[[#This Row],[Qty]]*3)) -> 1 | R41: =All_Detail_v2[[#This Row],[Scheduled Date]] -> 46090 | S41: =All_Detail_v2[[#This Row],[Install Date]] -> 46090
A42: 38 | B42: D1-041 | C42: อาคารสำนักงานท่าอากาศยานสุวรรณภูมิ | D42: ฝ่ายบริหารทรัพย์สิน | E42: Access Switch Type 2 | F42: 1 | G42: 1 | H42: 46071 | I42: 46071 | J42: Success | K42: =IF(ISNUMBER(SEARCH("Access Point",E42)),"AP",IF(OR(ISNUMBER(SEARCH("Switch",E42)),ISNUMBER(SEARCH("Control Type",E42))),"Switch","Infra")) -> Switch | L42: Casecade via 302ELE | M42: =O42 -> 1 | N42: =O42 -> 1 | O42: =All_Detail_v2[[#This Row],[Qty. Success]] -> 1 | P42: =IF(All_Detail_v2[[#This Row],[Qty]]=0,1,(M42+N42+O42)/(All_Detail_v2[[#This Row],[Qty]]*3)) -> 1 | R42: =All_Detail_v2[[#This Row],[Scheduled Date]] -> 46071 | S42: =All_Detail_v2[[#This Row],[Install Date]] -> 46071
A43: 39 | B43: D1-041 | C43: อาคารสำนักงานท่าอากาศยานสุวรรณภูมิ | D43: ฝ่ายบริหารทรัพย์สิน | E43: Access Switch Type 4 | F43: 1 | G43: 1 | H43: 46071 | I43: 46071 | J43: Success | K43: =IF(ISNUMBER(SEARCH("Access Point",E43)),"AP",IF(OR(ISNUMBER(SEARCH("Switch",E43)),ISNUMBER(SEARCH("Control Type",E43))),"Switch","Infra")) -> Switch | L43: Casecade via 302ELE | M43: =O43 -> 1 | N43: =O43 -> 1 | O43: =All_Detail_v2[[#This Row],[Qty. Success]] -> 1 | P43: =IF(All_Detail_v2[[#This Row],[Qty]]=0,1,(M43+N43+O43)/(All_Detail_v2[[#This Row],[Qty]]*3)) -> 1 | R43: =All_Detail_v2[[#This Row],[Scheduled Date]] -> 46071 | S43: =All_Detail_v2[[#This Row],[Install Date]] -> 46071
A44: 40 | B44: D1-041 | C44: อาคารสำนักงานท่าอากาศยานสุวรรณภูมิ | D44: สปค.ฝพช. | E44: Access Switch Type 2 | F44: 1 | G44: 0 | H44: 46070 | I44: 46070 | J44: Success | K44: =IF(ISNUMBER(SEARCH("Access Point",E44)),"AP",IF(OR(ISNUMBER(SEARCH("Switch",E44)),ISNUMBER(SEARCH("Control Type",E44))),"Switch","Infra")) -> Switch | L44: *ยกเลิก 1 ตัว เนื่องจากไม่ได้ใช้งาน (คอนเฟริม By พี่เน็ท) | M44: =O44 -> 0 | N44: =O44 -> 0 | O44: =All_Detail_v2[[#This Row],[Qty. Success]] -> 0 | P44: =IF(All_Detail_v2[[#This Row],[Qty]]=0,1,(M44+N44+O44)/(All_Detail_v2[[#This Row],[Qty]]*3)) -> 0 | R44: =All_Detail_v2[[#This Row],[Scheduled Date]] -> 46070 | S44: =All_Detail_v2[[#This Row],[Install Date]] -> 46070
A45: 41 | B45: D1-041 | C45: อาคารสำนักงานท่าอากาศยานสุวรรณภูมิ | D45: สปค.ฝพช. | E45: Access Switch Type 4 | F45: 1 | G45: 1 | H45: 46070 | I45: 46070 | J45: Success | K45: =IF(ISNUMBER(SEARCH("Access Point",E45)),"AP",IF(OR(ISNUMBER(SEARCH("Switch",E45)),ISNUMBER(SEARCH("Control Type",E45))),"Switch","Infra")) -> Switch | L45: Casecade via 402ELE | M45: =O45 -> 1 | N45: =O45 -> 1 | O45: =All_Detail_v2[[#This Row],[Qty. Success]] -> 1 | P45: =IF(All_Detail_v2[[#This Row],[Qty]]=0,1,(M45+N45+O45)/(All_Detail_v2[[#This Row],[Qty]]*3)) -> 1 | R45: =All_Detail_v2[[#This Row],[Scheduled Date]] -> 46070 | S45: =All_Detail_v2[[#This Row],[Install Date]] -> 46070
A46: 42 | B46: D1-041 | C46: อาคารสำนักงานท่าอากาศยานสุวรรณภูมิ | D46: ห้องส่วนระบบสื่อสาร | E46: Access Switch Type 2 | F46: 2 | G46: 1 | H46: 46070 | I46: 46070 | J46: Success | K46: =IF(ISNUMBER(SEARCH("Access Point",E46)),"AP",IF(OR(ISNUMBER(SEARCH("Switch",E46)),ISNUMBER(SEARCH("Control Type",E46))),"Switch","Infra")) -> Switch | L46: *ยกเลิก 1 ตัว (Stack) เนื่องจากไม่ได้ใช้งาน (คอนเฟริม By พี่โจ้) | M46: =O46 -> 1 | N46: =O46 -> 1 | O46: =All_Detail_v2[[#This Row],[Qty. Success]] -> 1 | P46: =IF(All_Detail_v2[[#This Row],[Qty]]=0,1,(M46+N46+O46)/(All_Detail_v2[[#This Row],[Qty]]*3)) -> 0.5 | R46: =All_Detail_v2[[#This Row],[Scheduled Date]] -> 46070 | S46: =All_Detail_v2[[#This Row],[Install Date]] -> 46070
A47: 43 | B47: D1-041 | C47: อาคารสำนักงานท่าอากาศยานสุวรรณภูมิ | D47: ห้องส่วนระบบสื่อสาร | E47: Access Switch Type 4 | F47: 1 | G47: 1 | H47: 46070 | I47: 46070 | J47: Success | K47: =IF(ISNUMBER(SEARCH("Access Point",E47)),"AP",IF(OR(ISNUMBER(SEARCH("Switch",E47)),ISNUMBER(SEARCH("Control Type",E47))),"Switch","Infra")) -> Switch | L47: Casecade via 402ELE | M47: =O47 -> 1 | N47: =O47 -> 1 | O47: =All_Detail_v2[[#This Row],[Qty. Success]] -> 1 | P47: =IF(All_Detail_v2[[#This Row],[Qty]]=0,1,(M47+N47+O47)/(All_Detail_v2[[#This Row],[Qty]]*3)) -> 1 | R47: =All_Detail_v2[[#This Row],[Scheduled Date]] -> 46070 | S47: =All_Detail_v2[[#This Row],[Install Date]] -> 46070
A48: 44 | B48: D1-041 | C48: อาคารสำนักงานท่าอากาศยานสุวรรณภูมิ | D48: ห้องส่วนระบบเครือข่าย | E48: Access Switch Type 2 | F48: 5 | I48: 46132 | J48: On Plan | K48: =IF(ISNUMBER(SEARCH("Access Point",E48)),"AP",IF(OR(ISNUMBER(SEARCH("Switch",E48)),ISNUMBER(SEARCH("Control Type",E48))),"Switch","Infra")) -> Switch | M48: =O48 -> 0 | N48: =O48 -> 0 | O48: =All_Detail_v2[[#This Row],[Qty. Success]] -> 0 | P48: =IF(All_Detail_v2[[#This Row],[Qty]]=0,1,(M48+N48+O48)/(All_Detail_v2[[#This Row],[Qty]]*3)) -> 0 | R48: =All_Detail_v2[[#This Row],[Scheduled Date]] -> 46132 | S48: =All_Detail_v2[[#This Row],[Install Date]] -> 0
A49: 45 | B49: D1-041 | C49: อาคารสำนักงานท่าอากาศยานสุวรรณภูมิ | D49: ห้องส่วนระบบเครือข่าย | E49: Access Switch Type 3 | F49: 1 | I49: 46132 | J49: On Plan | K49: =IF(ISNUMBER(SEARCH("Access Point",E49)),"AP",IF(OR(ISNUMBER(SEARCH("Switch",E49)),ISNUMBER(SEARCH("Control Type",E49))),"Switch","Infra")) -> Switch | M49: =O49 -> 0 | N49: =O49 -> 0 | O49: =All_Detail_v2[[#This Row],[Qty. Success]] -> 0 | P49: =IF(All_Detail_v2[[#This Row],[Qty]]=0,1,(M49+N49+O49)/(All_Detail_v2[[#This Row],[Qty]]*3)) -> 0 | R49: =All_Detail_v2[[#This Row],[Scheduled Date]] -> 46132 | S49: =All_Detail_v2[[#This Row],[Install Date]] -> 0
A50: 46 | B50: D1-041 | C50: อาคารสำนักงานท่าอากาศยานสุวรรณภูมิ | D50: ห้องส่วนระบบเครือข่าย | E50: Access Switch Type 4 | F50: 1 | I50: 46132 | J50: On Plan | K50: =IF(ISNUMBER(SEARCH("Access Point",E50)),"AP",IF(OR(ISNUMBER(SEARCH("Switch",E50)),ISNUMBER(SEARCH("Control Type",E50))),"Switch","Infra")) -> Switch | M50: =O50 -> 0 | N50: =O50 -> 0 | O50: =All_Detail_v2[[#This Row],[Qty. Success]] -> 0 | P50: =IF(All_Detail_v2[[#This Row],[Qty]]=0,1,(M50+N50+O50)/(All_Detail_v2[[#This Row],[Qty]]*3)) -> 0 | R50: =All_Detail_v2[[#This Row],[Scheduled Date]] -> 46132 | S50: =All_Detail_v2[[#This Row],[Install Date]] -> 0
A51: 47 | B51: D1-041 | C51: Concourse D | D51: D1-007 | E51: Access Switch Type 2 | F51: 1 | I51: 46105 | J51: On Plan | K51: =IF(ISNUMBER(SEARCH("Access Point",E51)),"AP",IF(OR(ISNUMBER(SEARCH("Switch",E51)),ISNUMBER(SEARCH("Control Type",E51))),"Switch","Infra")) -> Switch | M51: =O51 -> 0 | N51: =O51 -> 0 | O51: =All_Detail_v2[[#This Row],[Qty. Success]] -> 0 | P51: =IF(All_Detail_v2[[#This Row],[Qty]]=0,1,(M51+N51+O51)/(All_Detail_v2[[#This Row],[Qty]]*3)) -> 0 | R51: =All_Detail_v2[[#This Row],[Scheduled Date]] -> 46105 | S51: =All_Detail_v2[[#This Row],[Install Date]] -> 0
A52: 48 | B52: D1-041 | C52: Concourse D | D52: D1-007 | E52: Access Switch Type 4 | F52: 1 | I52: 46105 | J52: On Plan | K52: =IF(ISNUMBER(SEARCH("Access Point",E52)),"AP",IF(OR(ISNUMBER(SEARCH("Switch",E52)),ISNUMBER(SEARCH("Control Type",E52))),"Switch","Infra")) -> Switch | M52: =O52 -> 0 | N52: =O52 -> 0 | O52: =All_Detail_v2[[#This Row],[Qty. Success]] -> 0 | P52: =IF(All_Detail_v2[[#This Row],[Qty]]=0,1,(M52+N52+O52)/(All_Detail_v2[[#This Row],[Qty]]*3)) -> 0 | R52: =All_Detail_v2[[#This Row],[Scheduled Date]] -> 46105 | S52: =All_Detail_v2[[#This Row],[Install Date]] -> 0
A53: 49 | B53: D1-041 | C53: Concourse D | D53: D1-007 | E53: Aggregation Switch Type 3 | F53: 1 | I53: 46105 | J53: On Plan | K53: =IF(ISNUMBER(SEARCH("Access Point",E53)),"AP",IF(OR(ISNUMBER(SEARCH("Switch",E53)),ISNUMBER(SEARCH("Control Type",E53))),"Switch","Infra")) -> Switch | M53: =O53 -> 0 | N53: =O53 -> 0 | O53: =All_Detail_v2[[#This Row],[Qty. Success]] -> 0 | P53: =IF(All_Detail_v2[[#This Row],[Qty]]=0,1,(M53+N53+O53)/(All_Detail_v2[[#This Row],[Qty]]*3)) -> 0 | R53: =All_Detail_v2[[#This Row],[Scheduled Date]] -> 46105 | S53: =All_Detail_v2[[#This Row],[Install Date]] -> 0
A54: 50 | B54: D1-041 | C54: Concourse D | D54: D1-012 | E54: Access Switch Type 2 | F54: 2 | I54: 46105 | J54: On Plan | K54: =IF(ISNUMBER(SEARCH("Access Point",E54)),"AP",IF(OR(ISNUMBER(SEARCH("Switch",E54)),ISNUMBER(SEARCH("Control Type",E54))),"Switch","Infra")) -> Switch | M54: =O54 -> 0 | N54: =O54 -> 0 | O54: =All_Detail_v2[[#This Row],[Qty. Success]] -> 0 | P54: =IF(All_Detail_v2[[#This Row],[Qty]]=0,1,(M54+N54+O54)/(All_Detail_v2[[#This Row],[Qty]]*3)) -> 0 | R54: =All_Detail_v2[[#This Row],[Scheduled Date]] -> 46105 | S54: =All_Detail_v2[[#This Row],[Install Date]] -> 0
A55: 51 | B55: D1-041 | C55: Concourse D | D55: D1-012 | E55: Access Switch Type 4 | F55: 1 | I55: 46105 | J55: On Plan | K55: =IF(ISNUMBER(SEARCH("Access Point",E55)),"AP",IF(OR(ISNUMBER(SEARCH("Switch",E55)),ISNUMBER(SEARCH("Control Type",E55))),"Switch","Infra")) -> Switch | M55: =O55 -> 0 | N55: =O55 -> 0 | O55: =All_Detail_v2[[#This Row],[Qty. Success]] -> 0 | P55: =IF(All_Detail_v2[[#This Row],[Qty]]=0,1,(M55+N55+O55)/(All_Detail_v2[[#This Row],[Qty]]*3)) -> 0 | R55: =All_Detail_v2[[#This Row],[Scheduled Date]] -> 46105 | S55: =All_Detail_v2[[#This Row],[Install Date]] -> 0
A56: 52 | B56: D1-041 | C56: Concourse D | D56: D1-012 | E56: Aggregation Switch Type 2 | F56: 1 | I56: 46105 | J56: On Plan | K56: =IF(ISNUMBER(SEARCH("Access Point",E56)),"AP",IF(OR(ISNUMBER(SEARCH("Switch",E56)),ISNUMBER(SEARCH("Control Type",E56))),"Switch","Infra")) -> Switch | M56: =O56 -> 0 | N56: =O56 -> 0 | O56: =All_Detail_v2[[#This Row],[Qty. Success]] -> 0 | P56: =IF(All_Detail_v2[[#This Row],[Qty]]=0,1,(M56+N56+O56)/(All_Detail_v2[[#This Row],[Qty]]*3)) -> 0 | R56: =All_Detail_v2[[#This Row],[Scheduled Date]] -> 46105 | S56: =All_Detail_v2[[#This Row],[Install Date]] -> 0
A57: 53 | B57: D1-041 | C57: Concourse D | D57: D1-017 | E57: Access Switch Type 2 | F57: 2 | I57: 46105 | J57: On Plan | K57: =IF(ISNUMBER(SEARCH("Access Point",E57)),"AP",IF(OR(ISNUMBER(SEARCH("Switch",E57)),ISNUMBER(SEARCH("Control Type",E57))),"Switch","Infra")) -> Switch | M57: =O57 -> 0 | N57: =O57 -> 0 | O57: =All_Detail_v2[[#This Row],[Qty. Success]] -> 0 | P57: =IF(All_Detail_v2[[#This Row],[Qty]]=0,1,(M57+N57+O57)/(All_Detail_v2[[#This Row],[Qty]]*3)) -> 0 | R57: =All_Detail_v2[[#This Row],[Scheduled Date]] -> 46105 | S57: =All_Detail_v2[[#This Row],[Install Date]] -> 0
A58: 54 | B58: D1-041 | C58: Concourse D | D58: D1-017 | E58: Access Switch Type 4 | F58: 1 | I58: 46105 | J58: On Plan | K58: =IF(ISNUMBER(SEARCH("Access Point",E58)),"AP",IF(OR(ISNUMBER(SEARCH("Switch",E58)),ISNUMBER(SEARCH("Control Type",E58))),"Switch","Infra")) -> Switch | M58: =O58 -> 0 | N58: =O58 -> 0 | O58: =All_Detail_v2[[#This Row],[Qty. Success]] -> 0 | P58: =IF(All_Detail_v2[[#This Row],[Qty]]=0,1,(M58+N58+O58)/(All_Detail_v2[[#This Row],[Qty]]*3)) -> 0 | R58: =All_Detail_v2[[#This Row],[Scheduled Date]] -> 46105 | S58: =All_Detail_v2[[#This Row],[Install Date]] -> 0
A59: 55 | B59: D1-041 | C59: Concourse D | D59: D1-017 | E59: Aggregation Switch Type 2 | F59: 1 | I59: 46105 | J59: On Plan | K59: =IF(ISNUMBER(SEARCH("Access Point",E59)),"AP",IF(OR(ISNUMBER(SEARCH("Switch",E59)),ISNUMBER(SEARCH("Control Type",E59))),"Switch","Infra")) -> Switch | M59: =O59 -> 0 | N59: =O59 -> 0 | O59: =All_Detail_v2[[#This Row],[Qty. Success]] -> 0 | P59: =IF(All_Detail_v2[[#This Row],[Qty]]=0,1,(M59+N59+O59)/(All_Detail_v2[[#This Row],[Qty]]*3)) -> 0 | R59: =All_Detail_v2[[#This Row],[Scheduled Date]] -> 46105 | S59: =All_Detail_v2[[#This Row],[Install Date]] -> 0
... A68: 64 | B68: D1-041 | C68: Concourse D | D68: D1-035 | E68: Aggregation Switch Type 3 | F68: 1 | I68: 46106 | J68: On Plan | K68: =IF(ISNUMBER(SEARCH("Access Point",E68)),"AP",IF(OR(ISNUMBER(SEARCH("Switch",E68)),ISNUMBER(SEARCH("Control Type",E68))),"Switch","Infra")) -> Switch | M68: =O68 -> 0 | N68: =O68 -> 0 | O68: =All_Detail_v2[[#This Row],[Qty. Success]] -> 0 | P68: =IF(All_Detail_v2[[#This Row],[Qty]]=0,1,(M68+N68+O68)/(All_Detail_v2[[#This Row],[Qty]]*3)) -> 0 | R68: =All_Detail_v2[[#This Row],[Scheduled Date]] -> 46106 | S68: =All_Detail_v2[[#This Row],[Install Date]] -> 0
A69: 65 | B69: D1-041 | C69: Concourse D | D69: D1-041 | E69: Access Switch Type 2 | F69: 7 | G69: 7 | H69: 46063 | I69: 46063 | J69: Success | K69: =IF(ISNUMBER(SEARCH("Access Point",E69)),"AP",IF(OR(ISNUMBER(SEARCH("Switch",E69)),ISNUMBER(SEARCH("Control Type",E69))),"Switch","Infra")) -> Switch | M69: =O69 -> 7 | N69: =O69 -> 7 | O69: =All_Detail_v2[[#This Row],[Qty. Success]] -> 7 | P69: =IF(All_Detail_v2[[#This Row],[Qty]]=0,1,(M69+N69+O69)/(All_Detail_v2[[#This Row],[Qty]]*3)) -> 1 | R69: =All_Detail_v2[[#This Row],[Scheduled Date]] -> 46063 | S69: =All_Detail_v2[[#This Row],[Install Date]] -> 46063
A70: 66 | B70: D1-041 | C70: Concourse D | D70: D1-041 | E70: Access Switch Type 4 | F70: 1 | G70: 1 | H70: 46063 | I70: 46063 | J70: Success | K70: =IF(ISNUMBER(SEARCH("Access Point",E70)),"AP",IF(OR(ISNUMBER(SEARCH("Switch",E70)),ISNUMBER(SEARCH("Control Type",E70))),"Switch","Infra")) -> Switch | M70: =O70 -> 1 | N70: =O70 -> 1 | O70: =All_Detail_v2[[#This Row],[Qty. Success]] -> 1 | P70: =IF(All_Detail_v2[[#This Row],[Qty]]=0,1,(M70+N70+O70)/(All_Detail_v2[[#This Row],[Qty]]*3)) -> 1 | R70: =All_Detail_v2[[#This Row],[Scheduled Date]] -> 46063 | S70: =All_Detail_v2[[#This Row],[Install Date]] -> 46063
A71: 67 | B71: D1-041 | C71: Concourse D | D71: D1-041 | E71: Aggregation Switch Type 2 | F71: 3 | G71: 3 | H71: 46063 | I71: 46063 | J71: Success | K71: =IF(ISNUMBER(SEARCH("Access Point",E71)),"AP",IF(OR(ISNUMBER(SEARCH("Switch",E71)),ISNUMBER(SEARCH("Control Type",E71))),"Switch","Infra")) -> Switch | M71: =O71 -> 3 | N71: =O71 -> 3 | O71: =All_Detail_v2[[#This Row],[Qty. Success]] -> 3 | P71: =IF(All_Detail_v2[[#This Row],[Qty]]=0,1,(M71+N71+O71)/(All_Detail_v2[[#This Row],[Qty]]*3)) -> 1 | R71: =All_Detail_v2[[#This Row],[Scheduled Date]] -> 46063 | S71: =All_Detail_v2[[#This Row],[Install Date]] -> 46063
A72: 68 | B72: D1-041 | C72: Concourse D | D72: D1-041 | E72: Aggregation Switch Type 3 | F72: 1 | G72: 1 | H72: 46063 | I72: 46063 | J72: Success | K72: =IF(ISNUMBER(SEARCH("Access Point",E72)),"AP",IF(OR(ISNUMBER(SEARCH("Switch",E72)),ISNUMBER(SEARCH("Control Type",E72))),"Switch","Infra")) -> Switch | M72: =O72 -> 1 | N72: =O72 -> 1 | O72: =All_Detail_v2[[#This Row],[Qty. Success]] -> 1 | P72: =IF(All_Detail_v2[[#This Row],[Qty]]=0,1,(M72+N72+O72)/(All_Detail_v2[[#This Row],[Qty]]*3)) -> 1 | R72: =All_Detail_v2[[#This Row],[Scheduled Date]] -> 46063 | S72: =All_Detail_v2[[#This Row],[Install Date]] -> 46063
A73: 69 | B73: D1-041 | C73: Concourse D | D73: D1-041 | E73: Core Switch Type 1 | F73: 2 | G73: 2 | H73: 46063 | I73: 46063 | J73: Success | K73: =IF(ISNUMBER(SEARCH("Access Point",E73)),"AP",IF(OR(ISNUMBER(SEARCH("Switch",E73)),ISNUMBER(SEARCH("Control Type",E73))),"Switch","Infra")) -> Switch | M73: =O73 -> 2 | N73: =O73 -> 2 | O73: =All_Detail_v2[[#This Row],[Qty. Success]] -> 2 | P73: =IF(All_Detail_v2[[#This Row],[Qty]]=0,1,(M73+N73+O73)/(All_Detail_v2[[#This Row],[Qty]]*3)) -> 1 | R73: =All_Detail_v2[[#This Row],[Scheduled Date]] -> 46063 | S73: =All_Detail_v2[[#This Row],[Install Date]] -> 46063
A74: 70 | B74: D1-041 | C74: Concourse D | D74: D1-041 | E74: Distribute Switch Type 1 | F74: 2 | G74: 2 | H74: 46063 | I74: 46063 | J74: Success | K74: =IF(ISNUMBER(SEARCH("Access Point",E74)),"AP",IF(OR(ISNUMBER(SEARCH("Switch",E74)),ISNUMBER(SEARCH("Control Type",E74))),"Switch","Infra")) -> Switch | M74: =O74 -> 2 | N74: =O74 -> 2 | O74: =All_Detail_v2[[#This Row],[Qty. Success]] -> 2 | P74: =IF(All_Detail_v2[[#This Row],[Qty]]=0,1,(M74+N74+O74)/(All_Detail_v2[[#This Row],[Qty]]*3)) -> 1 | R74: =All_Detail_v2[[#This Row],[Scheduled Date]] -> 46063 | S74: =All_Detail_v2[[#This Row],[Install Date]] -> 46063
A75: 71 | B75: D1-041 | C75: Concourse D | D75: D1-041 | E75: Extranet Switch Type 1 | F75: 1 | G75: 1 | H75: 46063 | I75: 46063 | J75: Success | K75: =IF(ISNUMBER(SEARCH("Access Point",E75)),"AP",IF(OR(ISNUMBER(SEARCH("Switch",E75)),ISNUMBER(SEARCH("Control Type",E75))),"Switch","Infra")) -> Switch | M75: =O75 -> 1 | N75: =O75 -> 1 | O75: =All_Detail_v2[[#This Row],[Qty. Success]] -> 1 | P75: =IF(All_Detail_v2[[#This Row],[Qty]]=0,1,(M75+N75+O75)/(All_Detail_v2[[#This Row],[Qty]]*3)) -> 1 | R75: =All_Detail_v2[[#This Row],[Scheduled Date]] -> 46063 | S75: =All_Detail_v2[[#This Row],[Install Date]] -> 46063
A76: 72 | B76: D1-041 | C76: Concourse D | D76: D1-041 | E76: Next Gen Firewall Type 2 | F76: 2 | G76: 2 | H76: 46063 | I76: 46063 | J76: Success | K76: =IF(ISNUMBER(SEARCH("Access Point",E76)),"AP",IF(OR(ISNUMBER(SEARCH("Switch",E76)),ISNUMBER(SEARCH("Control Type",E76))),"Switch","Infra")) -> Infra | M76: =O76 -> 2 | N76: =O76 -> 2 | O76: =All_Detail_v2[[#This Row],[Qty. Success]] -> 2 | P76: =IF(All_Detail_v2[[#This Row],[Qty]]=0,1,(M76+N76+O76)/(All_Detail_v2[[#This Row],[Qty]]*3)) -> 1 | R76: =All_Detail_v2[[#This Row],[Scheduled Date]] -> 46063 | S76: =All_Detail_v2[[#This Row],[Install Date]] -> 46063
A77: 73 | B77: D1-041 | C77: Concourse D | D77: D1-041 | E77: Wireless Controller | F77: 2 | G77: 2 | H77: 46063 | I77: 46063 | J77: Success | K77: =IF(ISNUMBER(SEARCH("Access Point",E77)),"AP",IF(OR(ISNUMBER(SEARCH("Switch",E77)),ISNUMBER(SEARCH("Control Type",E77))),"Switch","Infra")) -> Infra | L77: ย้ายไปติดที่ DC | M77: =O77 -> 2 | N77: =O77 -> 2 | O77: =All_Detail_v2[[#This Row],[Qty. Success]] -> 2 | P77: =IF(All_Detail_v2[[#This Row],[Qty]]=0,1,(M77+N77+O77)/(All_Detail_v2[[#This Row],[Qty]]*3)) -> 1 | R77: =All_Detail_v2[[#This Row],[Scheduled Date]] -> 46063 | S77: =All_Detail_v2[[#This Row],[Install Date]] -> 46063
A78: 74 | B78: D1-041 | C78: Concourse D | D78: D1-063 | E78: Access Switch Type 2 | F78: 1 | I78: 46106 | J78: On Plan | K78: =IF(ISNUMBER(SEARCH("Access Point",E78)),"AP",IF(OR(ISNUMBER(SEARCH("Switch",E78)),ISNUMBER(SEARCH("Control Type",E78))),"Switch","Infra")) -> Switch | M78: =O78 -> 0 | N78: =O78 -> 0 | O78: =All_Detail_v2[[#This Row],[Qty. Success]] -> 0 | P78: =IF(All_Detail_v2[[#This Row],[Qty]]=0,1,(M78+N78+O78)/(All_Detail_v2[[#This Row],[Qty]]*3)) -> 0 | R78: =All_Detail_v2[[#This Row],[Scheduled Date]] -> 46106 | S78: =All_Detail_v2[[#This Row],[Install Date]] -> 0
A79: 75 | B79: D1-041 | C79: Concourse D | D79: D1-063 | E79: Access Switch Type 4 | F79: 1 | I79: 46106 | J79: On Plan | K79: =IF(ISNUMBER(SEARCH("Access Point",E79)),"AP",IF(OR(ISNUMBER(SEARCH("Switch",E79)),ISNUMBER(SEARCH("Control Type",E79))),"Switch","Infra")) -> Switch | M79: =O79 -> 0 | N79: =O79 -> 0 | O79: =All_Detail_v2[[#This Row],[Qty. Success]] -> 0 | P79: =IF(All_Detail_v2[[#This Row],[Qty]]=0,1,(M79+N79+O79)/(All_Detail_v2[[#This Row],[Qty]]*3)) -> 0 | R79: =All_Detail_v2[[#This Row],[Scheduled Date]] -> 46106 | S79: =All_Detail_v2[[#This Row],[Install Date]] -> 0
A80: 76 | B80: D1-041 | C80: Concourse D | D80: D1-063 | E80: Aggregation Switch Type 3 | F80: 1 | I80: 46106 | J80: On Plan | K80: =IF(ISNUMBER(SEARCH("Access Point",E80)),"AP",IF(OR(ISNUMBER(SEARCH("Switch",E80)),ISNUMBER(SEARCH("Control Type",E80))),"Switch","Infra")) -> Switch | M80: =O80 -> 0 | N80: =O80 -> 0 | O80: =All_Detail_v2[[#This Row],[Qty. Success]] -> 0 | P80: =IF(All_Detail_v2[[#This Row],[Qty]]=0,1,(M80+N80+O80)/(All_Detail_v2[[#This Row],[Qty]]*3)) -> 0 | R80: =All_Detail_v2[[#This Row],[Scheduled Date]] -> 46106 | S80: =All_Detail_v2[[#This Row],[Install Date]] -> 0
A81: 77 | B81: D1-041 | C81: Concourse D | D81: D1-068 | E81: Access Switch Type 2 | F81: 1 | I81: 46107 | J81: On Plan | K81: =IF(ISNUMBER(SEARCH("Access Point",E81)),"AP",IF(OR(ISNUMBER(SEARCH("Switch",E81)),ISNUMBER(SEARCH("Control Type",E81))),"Switch","Infra")) -> Switch | M81: =O81 -> 0 | N81: =O81 -> 0 | O81: =All_Detail_v2[[#This Row],[Qty. Success]] -> 0 | P81: =IF(All_Detail_v2[[#This Row],[Qty]]=0,1,(M81+N81+O81)/(All_Detail_v2[[#This Row],[Qty]]*3)) -> 0 | R81: =All_Detail_v2[[#This Row],[Scheduled Date]] -> 46107 | S81: =All_Detail_v2[[#This Row],[Install Date]] -> 0
A82: 78 | B82: D1-041 | C82: Concourse D | D82: D1-068 | E82: Access Switch Type 4 | F82: 1 | I82: 46107 | J82: On Plan | K82: =IF(ISNUMBER(SEARCH("Access Point",E82)),"AP",IF(OR(ISNUMBER(SEARCH("Switch",E82)),ISNUMBER(SEARCH("Control Type",E82))),"Switch","Infra")) -> Switch | M82: =O82 -> 0 | N82: =O82 -> 0 | O82: =All_Detail_v2[[#This Row],[Qty. Success]] -> 0 | P82: =IF(All_Detail_v2[[#This Row],[Qty]]=0,1,(M82+N82+O82)/(All_Detail_v2[[#This Row],[Qty]]*3)) -> 0 | R82: =All_Detail_v2[[#This Row],[Scheduled Date]] -> 46107 | S82: =All_Detail_v2[[#This Row],[Install Date]] -> 0
A83: 79 | B83: D1-041 | C83: Concourse D | D83: D1-068 | E83: Aggregation Switch Type 3 | F83: 1 | I83: 46107 | J83: On Plan | K83: =IF(ISNUMBER(SEARCH("Access Point",E83)),"AP",IF(OR(ISNUMBER(SEARCH("Switch",E83)),ISNUMBER(SEARCH("Control Type",E83))),"Switch","Infra")) -> Switch | M83: =O83 -> 0 | N83: =O83 -> 0 | O83: =All_Detail_v2[[#This Row],[Qty. Success]] -> 0 | P83: =IF(All_Detail_v2[[#This Row],[Qty]]=0,1,(M83+N83+O83)/(All_Detail_v2[[#This Row],[Qty]]*3)) -> 0 | R83: =All_Detail_v2[[#This Row],[Scheduled Date]] -> 46107 | S83: =All_Detail_v2[[#This Row],[Install Date]] -> 0
A84: 80 | B84: D1-041 | C84: Concourse D | D84: D1-091 | E84: Access Switch Type 2 | F84: 6 | I84: 46107 | J84: On Plan | K84: =IF(ISNUMBER(SEARCH("Access Point",E84)),"AP",IF(OR(ISNUMBER(SEARCH("Switch",E84)),ISNUMBER(SEARCH("Control Type",E84))),"Switch","Infra")) -> Switch | M84: =O84 -> 0 | N84: =O84 -> 0 | O84: =All_Detail_v2[[#This Row],[Qty. Success]] -> 0 | P84: =IF(All_Detail_v2[[#This Row],[Qty]]=0,1,(M84+N84+O84)/(All_Detail_v2[[#This Row],[Qty]]*3)) -> 0 | R84: =All_Detail_v2[[#This Row],[Scheduled Date]] -> 46107 | S84: =All_Detail_v2[[#This Row],[Install Date]] -> 0
A85: 81 | B85: D1-041 | C85: Concourse D | D85: D1-091 | E85: Access Switch Type 4 | F85: 1 | I85: 46107 | J85: On Plan | K85: =IF(ISNUMBER(SEARCH("Access Point",E85)),"AP",IF(OR(ISNUMBER(SEARCH("Switch",E85)),ISNUMBER(SEARCH("Control Type",E85))),"Switch","Infra")) -> Switch | M85: =O85 -> 0 | N85: =O85 -> 0 | O85: =All_Detail_v2[[#This Row],[Qty. Success]] -> 0 | P85: =IF(All_Detail_v2[[#This Row],[Qty]]=0,1,(M85+N85+O85)/(All_Detail_v2[[#This Row],[Qty]]*3)) -> 0 | R85: =All_Detail_v2[[#This Row],[Scheduled Date]] -> 46107 | S85: =All_Detail_v2[[#This Row],[Install Date]] -> 0
A86: 82 | B86: D1-041 | C86: Concourse D | D86: D1-091 | E86: Aggregation Switch Type 2 | F86: 2 | I86: 46107 | J86: On Plan | K86: =IF(ISNUMBER(SEARCH("Access Point",E86)),"AP",IF(OR(ISNUMBER(SEARCH("Switch",E86)),ISNUMBER(SEARCH("Control Type",E86))),"Switch","Infra")) -> Switch | M86: =O86 -> 0 | N86: =O86 -> 0 | O86: =All_Detail_v2[[#This Row],[Qty. Success]] -> 0 | P86: =IF(All_Detail_v2[[#This Row],[Qty]]=0,1,(M86+N86+O86)/(All_Detail_v2[[#This Row],[Qty]]*3)) -> 0 | R86: =All_Detail_v2[[#This Row],[Scheduled Date]] -> 46107 | S86: =All_Detail_v2[[#This Row],[Install Date]] -> 0
A87: 83 | B87: D1-041 | C87: Concourse D | D87: D1-091 | E87: Aggregation Switch Type 3 | F87: 1 | I87: 46107 | J87: On Plan | K87: =IF(ISNUMBER(SEARCH("Access Point",E87)),"AP",IF(OR(ISNUMBER(SEARCH("Switch",E87)),ISNUMBER(SEARCH("Control Type",E87))),"Switch","Infra")) -> Switch | M87: =O87 -> 0 | N87: =O87 -> 0 | O87: =All_Detail_v2[[#This Row],[Qty. Success]] -> 0 | P87: =IF(All_Detail_v2[[#This Row],[Qty]]=0,1,(M87+N87+O87)/(All_Detail_v2[[#This Row],[Qty]]*3)) -> 0 | R87: =All_Detail_v2[[#This Row],[Scheduled Date]] -> 46107 | S87: =All_Detail_v2[[#This Row],[Install Date]] -> 0
A88: 84 | B88: D1-041 | C88: Concourse D | D88: D1-091 | E88: Core Switch Type 1 | F88: 2 | G88: 2 | H88: 46063 | I88: 46063 | J88: Success | K88: =IF(ISNUMBER(SEARCH("Access Point",E88)),"AP",IF(OR(ISNUMBER(SEARCH("Switch",E88)),ISNUMBER(SEARCH("Control Type",E88))),"Switch","Infra")) -> Switch | M88: =O88 -> 2 | N88: =O88 -> 2 | O88: =All_Detail_v2[[#This Row],[Qty. Success]] -> 2 | P88: =IF(All_Detail_v2[[#This Row],[Qty]]=0,1,(M88+N88+O88)/(All_Detail_v2[[#This Row],[Qty]]*3)) -> 1 | R88: =All_Detail_v2[[#This Row],[Scheduled Date]] -> 46063 | S88: =All_Detail_v2[[#This Row],[Install Date]] -> 46063
A89: 85 | B89: D1-041 | C89: Concourse D | D89: D1-091 | E89: Distribute Switch Type 1 | F89: 2 | G89: 2 | H89: 46063 | I89: 46063 | J89: Success | K89: =IF(ISNUMBER(SEARCH("Access Point",E89)),"AP",IF(OR(ISNUMBER(SEARCH("Switch",E89)),ISNUMBER(SEARCH("Control Type",E89))),"Switch","Infra")) -> Switch | M89: =O89 -> 2 | N89: =O89 -> 2 | O89: =All_Detail_v2[[#This Row],[Qty. Success]] -> 2 | P89: =IF(All_Detail_v2[[#This Row],[Qty]]=0,1,(M89+N89+O89)/(All_Detail_v2[[#This Row],[Qty]]*3)) -> 1 | R89: =All_Detail_v2[[#This Row],[Scheduled Date]] -> 46063 | S89: =All_Detail_v2[[#This Row],[Install Date]] -> 46063
A90: 86 | B90: D1-041 | C90: Concourse D | D90: D1-091 | E90: Extranet Switch Type 1 | F90: 1 | G90: 1 | H90: 46063 | I90: 46063 | J90: Success | K90: =IF(ISNUMBER(SEARCH("Access Point",E90)),"AP",IF(OR(ISNUMBER(SEARCH("Switch",E90)),ISNUMBER(SEARCH("Control Type",E90))),"Switch","Infra")) -> Switch | L90: ย้ายไปติดที่ D1-041 | M90: =O90 -> 1 | N90: =O90 -> 1 | O90: =All_Detail_v2[[#This Row],[Qty. Success]] -> 1 | P90: =IF(All_Detail_v2[[#This Row],[Qty]]=0,1,(M90+N90+O90)/(All_Detail_v2[[#This Row],[Qty]]*3)) -> 1 | R90: =All_Detail_v2[[#This Row],[Scheduled Date]] -> 46063 | S90: =All_Detail_v2[[#This Row],[Install Date]] -> 46063
A91: 87 | B91: D1-091 | C91: Concourse D | D91: D1-091 | E91: Wireless Controller | F91: 2 | G91: 2 | H91: 46063 | I91: 46063 | J91: Success | K91: =IF(ISNUMBER(SEARCH("Access Point",E91)),"AP",IF(OR(ISNUMBER(SEARCH("Switch",E91)),ISNUMBER(SEARCH("Control Type",E91))),"Switch","Infra")) -> Infra | L91: ย้ายไปติดที่ DC | M91: =O91 -> 2 | N91: =O91 -> 2 | O91: =All_Detail_v2[[#This Row],[Qty. Success]] -> 2 | P91: =IF(All_Detail_v2[[#This Row],[Qty]]=0,1,(M91+N91+O91)/(All_Detail_v2[[#This Row],[Qty]]*3)) -> 1 | R91: =All_Detail_v2[[#This Row],[Scheduled Date]] -> 46063 | S91: =All_Detail_v2[[#This Row],[Install Date]] -> 46063
A92: 88 | B92: D1-041 | C92: Concourse D | D92: D2-006 | E92: Access Switch Type 2 | F92: 2 | G92: 2 | H92: 46070 | I92: 46070 | J92: Success | K92: =IF(ISNUMBER(SEARCH("Access Point",E92)),"AP",IF(OR(ISNUMBER(SEARCH("Switch",E92)),ISNUMBER(SEARCH("Control Type",E92))),"Switch","Infra")) -> Switch | M92: =O92 -> 2 | N92: =O92 -> 2 | O92: =All_Detail_v2[[#This Row],[Qty. Success]] -> 2 | P92: =IF(All_Detail_v2[[#This Row],[Qty]]=0,1,(M92+N92+O92)/(All_Detail_v2[[#This Row],[Qty]]*3)) -> 1 | R92: =All_Detail_v2[[#This Row],[Scheduled Date]] -> 46070 | S92: =All_Detail_v2[[#This Row],[Install Date]] -> 46070
A93: 89 | B93: D1-041 | C93: Concourse D | D93: D2-006 | E93: Access Switch Type 4 | F93: 1 | G93: 1 | H93: 46070 | I93: 46070 | J93: Success | K93: =IF(ISNUMBER(SEARCH("Access Point",E93)),"AP",IF(OR(ISNUMBER(SEARCH("Switch",E93)),ISNUMBER(SEARCH("Control Type",E93))),"Switch","Infra")) -> Switch | M93: =O93 -> 1 | N93: =O93 -> 1 | O93: =All_Detail_v2[[#This Row],[Qty. Success]] -> 1 | P93: =IF(All_Detail_v2[[#This Row],[Qty]]=0,1,(M93+N93+O93)/(All_Detail_v2[[#This Row],[Qty]]*3)) -> 1 | R93: =All_Detail_v2[[#This Row],[Scheduled Date]] -> 46070 | S93: =All_Detail_v2[[#This Row],[Install Date]] -> 46070
A94: 90 | B94: D1-041 | C94: Concourse D | D94: D2-017 | E94: Access Switch Type 2 | F94: 1 | I94: 46108 | J94: On Plan | K94: =IF(ISNUMBER(SEARCH("Access Point",E94)),"AP",IF(OR(ISNUMBER(SEARCH("Switch",E94)),ISNUMBER(SEARCH("Control Type",E94))),"Switch","Infra")) -> Switch | M94: =O94 -> 0 | N94: =O94 -> 0 | O94: =All_Detail_v2[[#This Row],[Qty. Success]] -> 0 | P94: =IF(All_Detail_v2[[#This Row],[Qty]]=0,1,(M94+N94+O94)/(All_Detail_v2[[#This Row],[Qty]]*3)) -> 0 | R94: =All_Detail_v2[[#This Row],[Scheduled Date]] -> 46108 | S94: =All_Detail_v2[[#This Row],[Install Date]] -> 0
A95: 91 | B95: D1-041 | C95: Concourse D | D95: D2-017 | E95: Access Switch Type 4 | F95: 1 | I95: 46108 | J95: On Plan | K95: =IF(ISNUMBER(SEARCH("Access Point",E95)),"AP",IF(OR(ISNUMBER(SEARCH("Switch",E95)),ISNUMBER(SEARCH("Control Type",E95))),"Switch","Infra")) -> Switch | M95: =O95 -> 0 | N95: =O95 -> 0 | O95: =All_Detail_v2[[#This Row],[Qty. Success]] -> 0 | P95: =IF(All_Detail_v2[[#This Row],[Qty]]=0,1,(M95+N95+O95)/(All_Detail_v2[[#This Row],[Qty]]*3)) -> 0 | R95: =All_Detail_v2[[#This Row],[Scheduled Date]] -> 46108 | S95: =All_Detail_v2[[#This Row],[Install Date]] -> 0
A96: 92 | B96: D1-041 | C96: Concourse D | D96: D2-026 | E96: Access Switch Type 2 | F96: 1 | I96: 46108 | J96: On Plan | K96: =IF(ISNUMBER(SEARCH("Access Point",E96)),"AP",IF(OR(ISNUMBER(SEARCH("Switch",E96)),ISNUMBER(SEARCH("Control Type",E96))),"Switch","Infra")) -> Switch | M96: =O96 -> 0 | N96: =O96 -> 0 | O96: =All_Detail_v2[[#This Row],[Qty. Success]] -> 0 | P96: =IF(All_Detail_v2[[#This Row],[Qty]]=0,1,(M96+N96+O96)/(All_Detail_v2[[#This Row],[Qty]]*3)) -> 0 | R96: =All_Detail_v2[[#This Row],[Scheduled Date]] -> 46108 | S96: =All_Detail_v2[[#This Row],[Install Date]] -> 0
A97: 93 | B97: D1-041 | C97: Concourse D | D97: D2-026 | E97: Access Switch Type 4 | F97: 1 | I97: 46108 | J97: On Plan | K97: =IF(ISNUMBER(SEARCH("Access Point",E97)),"AP",IF(OR(ISNUMBER(SEARCH("Switch",E97)),ISNUMBER(SEARCH("Control Type",E97))),"Switch","Infra")) -> Switch | M97: =O97 -> 0 | N97: =O97 -> 0 | O97: =All_Detail_v2[[#This Row],[Qty. Success]] -> 0 | P97: =IF(All_Detail_v2[[#This Row],[Qty]]=0,1,(M97+N97+O97)/(All_Detail_v2[[#This Row],[Qty]]*3)) -> 0 | R97: =All_Detail_v2[[#This Row],[Scheduled Date]] -> 46108 | S97: =All_Detail_v2[[#This Row],[Install Date]] -> 0
A98: 94 | B98: D1-041 | C98: Concourse D | D98: D2-035 | E98: Access Switch Type 2 | F98: 1 | I98: 46108 | J98: On Plan | K98: =IF(ISNUMBER(SEARCH("Access Point",E98)),"AP",IF(OR(ISNUMBER(SEARCH("Switch",E98)),ISNUMBER(SEARCH("Control Type",E98))),"Switch","Infra")) -> Switch | M98: =O98 -> 0 | N98: =O98 -> 0 | O98: =All_Detail_v2[[#This Row],[Qty. Success]] -> 0 | P98: =IF(All_Detail_v2[[#This Row],[Qty]]=0,1,(M98+N98+O98)/(All_Detail_v2[[#This Row],[Qty]]*3)) -> 0 | R98: =All_Detail_v2[[#This Row],[Scheduled Date]] -> 46108 | S98: =All_Detail_v2[[#This Row],[Install Date]] -> 0
A99: 95 | B99: D1-041 | C99: Concourse D | D99: D2-035 | E99: Access Switch Type 4 | F99: 1 | I99: 46108 | J99: On Plan | K99: =IF(ISNUMBER(SEARCH("Access Point",E99)),"AP",IF(OR(ISNUMBER(SEARCH("Switch",E99)),ISNUMBER(SEARCH("Control Type",E99))),"Switch","Infra")) -> Switch | M99: =O99 -> 0 | N99: =O99 -> 0 | O99: =All_Detail_v2[[#This Row],[Qty. Success]] -> 0 | P99: =IF(All_Detail_v2[[#This Row],[Qty]]=0,1,(M99+N99+O99)/(All_Detail_v2[[#This Row],[Qty]]*3)) -> 0 | R99: =All_Detail_v2[[#This Row],[Scheduled Date]] -> 46108 | S99: =All_Detail_v2[[#This Row],[Install Date]] -> 0
A100: 96 | B100: D1-041 | C100: Concourse D | D100: D2-046 | E100: Access Switch Type 2 | F100: 1 | I100: 46108 | J100: On Plan | K100: =IF(ISNUMBER(SEARCH("Access Point",E100)),"AP",IF(OR(ISNUMBER(SEARCH("Switch",E100)),ISNUMBER(SEARCH("Control Type",E100))),"Switch","Infra")) -> Switch | M100: =O100 -> 0 | N100: =O100 -> 0 | O100: =All_Detail_v2[[#This Row],[Qty. Success]] -> 0 | P100: =IF(All_Detail_v2[[#This Row],[Qty]]=0,1,(M100+N100+O100)/(All_Detail_v2[[#This Row],[Qty]]*3)) -> 0 | R100: =All_Detail_v2[[#This Row],[Scheduled Date]] -> 46108 | S100: =All_Detail_v2[[#This Row],[Install Date]] -> 0
A101: 97 | B101: D1-041 | C101: Concourse D | D101: D2-046 | E101: Access Switch Type 4 | F101: 1 | I101: 46108 | J101: On Plan | K101: =IF(ISNUMBER(SEARCH("Access Point",E101)),"AP",IF(OR(ISNUMBER(SEARCH("Switch",E101)),ISNUMBER(SEARCH("Control Type",E101))),"Switch","Infra")) -> Switch | M101: =O101 -> 0 | N101: =O101 -> 0 | O101: =All_Detail_v2[[#This Row],[Qty. Success]] -> 0 | P101: =IF(All_Detail_v2[[#This Row],[Qty]]=0,1,(M101+N101+O101)/(All_Detail_v2[[#This Row],[Qty]]*3)) -> 0 | R101: =All_Detail_v2[[#This Row],[Scheduled Date]] -> 46108 | S101: =All_Detail_v2[[#This Row],[Install Date]] -> 0
A102: 98 | B102: D1-041 | C102: Concourse D | D102: D2-060 | E102: Access Switch Type 2 | F102: 1 | I102: 46108 | J102: On Plan | K102: =IF(ISNUMBER(SEARCH("Access Point",E102)),"AP",IF(OR(ISNUMBER(SEARCH("Switch",E102)),ISNUMBER(SEARCH("Control Type",E102))),"Switch","Infra")) -> Switch | M102: =O102 -> 0 | N102: =O102 -> 0 | O102: =All_Detail_v2[[#This Row],[Qty. Success]] -> 0 | P102: =IF(All_Detail_v2[[#This Row],[Qty]]=0,1,(M102+N102+O102)/(All_Detail_v2[[#This Row],[Qty]]*3)) -> 0 | R102: =All_Detail_v2[[#This Row],[Scheduled Date]] -> 46108 | S102: =All_Detail_v2[[#This Row],[Install Date]] -> 0
A103: 99 | B103: D1-041 | C103: Concourse D | D103: D2-060 | E103: Access Switch Type 4 | F103: 1 | I103: 46108 | J103: On Plan | K103: =IF(ISNUMBER(SEARCH("Access Point",E103)),"AP",IF(OR(ISNUMBER(SEARCH("Switch",E103)),ISNUMBER(SEARCH("Control Type",E103))),"Switch","Infra")) -> Switch | M103: =O103 -> 0 | N103: =O103 -> 0 | O103: =All_Detail_v2[[#This Row],[Qty. Success]] -> 0 | P103: =IF(All_Detail_v2[[#This Row],[Qty]]=0,1,(M103+N103+O103)/(All_Detail_v2[[#This Row],[Qty]]*3)) -> 0 | R103: =All_Detail_v2[[#This Row],[Scheduled Date]] -> 46108 | S103: =All_Detail_v2[[#This Row],[Install Date]] -> 0
A104: 100 | B104: D1-041 | C104: Concourse D | D104: D2-069 | E104: Access Switch Type 2 | F104: 1 | I104: 46111 | J104: On Plan | K104: =IF(ISNUMBER(SEARCH("Access Point",E104)),"AP",IF(OR(ISNUMBER(SEARCH("Switch",E104)),ISNUMBER(SEARCH("Control Type",E104))),"Switch","Infra")) -> Switch | M104: =O104 -> 0 | N104: =O104 -> 0 | O104: =All_Detail_v2[[#This Row],[Qty. Success]] -> 0 | P104: =IF(All_Detail_v2[[#This Row],[Qty]]=0,1,(M104+N104+O104)/(All_Detail_v2[[#This Row],[Qty]]*3)) -> 0 | R104: =All_Detail_v2[[#This Row],[Scheduled Date]] -> 46111 | S104: =All_Detail_v2[[#This Row],[Install Date]] -> 0
A105: 101 | B105: D1-041 | C105: Concourse D | D105: D2-069 | E105: Access Switch Type 4 | F105: 1 | I105: 46111 | J105: On Plan | K105: =IF(ISNUMBER(SEARCH("Access Point",E105)),"AP",IF(OR(ISNUMBER(SEARCH("Switch",E105)),ISNUMBER(SEARCH("Control Type",E105))),"Switch","Infra")) -> Switch | M105: =O105 -> 0 | N105: =O105 -> 0 | O105: =All_Detail_v2[[#This Row],[Qty. Success]] -> 0 | P105: =IF(All_Detail_v2[[#This Row],[Qty]]=0,1,(M105+N105+O105)/(All_Detail_v2[[#This Row],[Qty]]*3)) -> 0 | R105: =All_Detail_v2[[#This Row],[Scheduled Date]] -> 46111 | S105: =All_Detail_v2[[#This Row],[Install Date]] -> 0
... A111: 107 | B111: D1-041 | C111: Concourse D | D111: D2-105 | E111: Access Switch Type 4 | F111: 1 | I111: 46111 | J111: On Plan | K111: =IF(ISNUMBER(SEARCH("Access Point",E111)),"AP",IF(OR(ISNUMBER(SEARCH("Switch",E111)),ISNUMBER(SEARCH("Control Type",E111))),"Switch","Infra")) -> Switch | M111: =O111 -> 0 | N111: =O111 -> 0 | O111: =All_Detail_v2[[#This Row],[Qty. Success]] -> 0 | P111: =IF(All_Detail_v2[[#This Row],[Qty]]=0,1,(M111+N111+O111)/(All_Detail_v2[[#This Row],[Qty]]*3)) -> 0 | R111: =All_Detail_v2[[#This Row],[Scheduled Date]] -> 46111 | S111: =All_Detail_v2[[#This Row],[Install Date]] -> 0
A112: 108 | B112: D1-041 | C112: Concourse D | D112: D3-012 | E112: Access Switch Type 2 | F112: 2 | G112: 2 | H112: 46100 | I112: 46100 | J112: Success | K112: =IF(ISNUMBER(SEARCH("Access Point",E112)),"AP",IF(OR(ISNUMBER(SEARCH("Switch",E112)),ISNUMBER(SEARCH("Control Type",E112))),"Switch","Infra")) -> Switch | M112: =O112 -> 2 | N112: =O112 -> 2 | O112: =All_Detail_v2[[#This Row],[Qty. Success]] -> 2 | P112: =IF(All_Detail_v2[[#This Row],[Qty]]=0,1,(M112+N112+O112)/(All_Detail_v2[[#This Row],[Qty]]*3)) -> 1 | R112: =All_Detail_v2[[#This Row],[Scheduled Date]] -> 46100 | S112: =All_Detail_v2[[#This Row],[Install Date]] -> 46100
A113: 109 | B113: D1-041 | C113: Concourse D | D113: D3-012 | E113: Access Switch Type 4 | F113: 1 | G113: 1 | H113: 46100 | I113: 46100 | J113: Success | K113: =IF(ISNUMBER(SEARCH("Access Point",E113)),"AP",IF(OR(ISNUMBER(SEARCH("Switch",E113)),ISNUMBER(SEARCH("Control Type",E113))),"Switch","Infra")) -> Switch | M113: =O113 -> 1 | N113: =O113 -> 1 | O113: =All_Detail_v2[[#This Row],[Qty. Success]] -> 1 | P113: =IF(All_Detail_v2[[#This Row],[Qty]]=0,1,(M113+N113+O113)/(All_Detail_v2[[#This Row],[Qty]]*3)) -> 1 | R113: =All_Detail_v2[[#This Row],[Scheduled Date]] -> 46100 | S113: =All_Detail_v2[[#This Row],[Install Date]] -> 46100
...

Sheet SVB-รายสัปดาห์
A1: สรุปแผนความก้าวหน้ารายสัปดาห์ - SVB
A2: ช่วง 14 ก.พ. - 1 มิ.ย. 69 (16 สัปดาห์) | สูตรดึงข้อมูลอัตโนมัติจาก sheet SVB
A4: รายการ | B4: W.1 (14/2-20/2) | C4: W.2 (21/2-27/2) | D4: W.3 (28/2-6/3) | E4: W.4 (7/3-13/3) | F4: W.5 (14/3-20/3) | G4: W.6 (21/3-27/3) | H4: W.7 (28/3-3/4) | I4: W.8 (4/4-10/4) | J4: W.9 (11/4-17/4) | K4: W.10 (18/4-24/4) | L4: W.11 (25/4-1/5) | M4: W.12 (2/5-8/5) | N4: W.13 (9/5-15/5) | O4: W.14 (16/5-22/5) | P4: W.15 (23/5-29/5) | Q4: W.16 (30/5-5/6) | R4: W.17 (6/6-12/6) | S4: W.18 (13/6-19/6) | T4: W.19 (20/6-26/6) | U4: W.20 (27/6-3/7) | V4: รวมทั้งหมด
A6: ▌ จำนวนอุปกรณ์ที่วางแผนติดตั้ง-Migration (เครื่อง)
A7: จำนวนอุปกรณ์ตามแผน (เครื่อง) | B7: {=SUMPRODUCT((SVB!$R$2:$R$740>=B80)*(SVB!$R$2:$R$740<=B81)*(ISNUMBER(SVB!$F$2:$F$740))*(SVB!$F$2:$F$740))} -> 153 | C7: {=SUMPRODUCT((SVB!$R$2:$R$740>=C80)*(SVB!$R$2:$R$740<=C81)*(ISNUMBER(SVB!$F$2:$F$740))*(SVB!$F$2:$F$740))} -> 69 | D7: {=SUMPRODUCT((SVB!$R$2:$R$740>=D80)*(SVB!$R$2:$R$740<=D81)*(ISNUMBER(SVB!$F$2:$F$740))*(SVB!$F$2:$F$740))} -> 66 | E7: {=SUMPRODUCT((SVB!$R$2:$R$740>=E80)*(SVB!$R$2:$R$740<=E81)*(ISNUMBER(SVB!$F$2:$F$740))*(SVB!$F$2:$F$740))} -> 53 | F7: {=SUMPRODUCT((SVB!$R$2:$R$740>=F80)*(SVB!$R$2:$R$740<=F81)*(ISNUMBER(SVB!$F$2:$F$740))*(SVB!$F$2:$F$740))} -> 101 | G7: {=SUMPRODUCT((SVB!$R$2:$R$740>=G80)*(SVB!$R$2:$R$740<=G81)*(ISNUMBER(SVB!$F$2:$F$740))*(SVB!$F$2:$F$740))} -> 241 | H7: {=SUMPRODUCT((SVB!$R$2:$R$740>=H80)*(SVB!$R$2:$R$740<=H81)*(ISNUMBER(SVB!$F$2:$F$740))*(SVB!$F$2:$F$740))} -> 49 | I7: {=SUMPRODUCT((SVB!$R$2:$R$740>=I80)*(SVB!$R$2:$R$740<=I81)*(ISNUMBER(SVB!$F$2:$F$740))*(SVB!$F$2:$F$740))} -> 50 | ... U7: {=SUMPRODUCT((SVB!$R$2:$R$740>=U80)*(SVB!$R$2:$R$740<=U81)*(ISNUMBER(SVB!$F$2:$F$740))*(SVB!$F$2:$F$740))} -> 0 | V7: {=SUMPRODUCT((SVB!$B$2:$B$740<>"")*(ISNUMBER(SVB!$F$2:$F$740))*(SVB!$F$2:$F$740))} -> 1592
A8: % แผนรายสัปดาห์ (ของยอดรวม) | B8: =IF(B7=0,"-",B7/$V$7) -> 0.096105528 | C8: =IF(C7=0,"-",C7/$V$7) -> 0.043341709 | D8: =IF(D7=0,"-",D7/$V$7) -> 0.041457286 | E8: =IF(E7=0,"-",E7/$V$7) -> 0.033291457 | F8: =IF(F7=0,"-",F7/$V$7) -> 0.063442211 | G8: =IF(G7=0,"-",G7/$V$7) -> 0.15138191 | H8: =IF(H7=0,"-",H7/$V$7) -> 0.030778894 | I8: =IF(I7=0,"-",I7/$V$7) -> 0.031407035 | ... U8: =IF(U7=0,"-",U7/$V$7) -> - | V8: =SUM(B8:U8) -> 1
A10: ▌ จำนวน Switch ที่วางแผนติดตั้ง-Migration (เครื่อง)
A11: จำนวน Switch ตามแผน (เครื่อง) | B11: {=SUMPRODUCT((SVB!$R$2:$R$740>=B80)*(SVB!$R$2:$R$740<=B81)*(SVB!$K$2:$K$740="Switch")*(ISNUMBER(SVB!$F$2:$F$740))*(SVB!$F$2:$F$740))} -> 88 | C11: {=SUMPRODUCT((SVB!$R$2:$R$740>=C80)*(SVB!$R$2:$R$740<=C81)*(SVB!$K$2:$K$740="Switch")*(ISNUMBER(SVB!$F$2:$F$740))*(SVB!$F$2:$F$740))} -> 45 | D11: {=SUMPRODUCT((SVB!$R$2:$R$740>=D80)*(SVB!$R$2:$R$740<=D81)*(SVB!$K$2:$K$740="Switch")*(ISNUMBER(SVB!$F$2:$F$740))*(SVB!$F$2:$F$740))} -> 64 | E11: {=SUMPRODUCT((SVB!$R$2:$R$740>=E80)*(SVB!$R$2:$R$740<=E81)*(SVB!$K$2:$K$740="Switch")*(ISNUMBER(SVB!$F$2:$F$740))*(SVB!$F$2:$F$740))} -> 53 | F11: {=SUMPRODUCT((SVB!$R$2:$R$740>=F80)*(SVB!$R$2:$R$740<=F81)*(SVB!$K$2:$K$740="Switch")*(ISNUMBER(SVB!$F$2:$F$740))*(SVB!$F$2:$F$740))} -> 101 | G11: {=SUMPRODUCT((SVB!$R$2:$R$740>=G80)*(SVB!$R$2:$R$740<=G81)*(SVB!$K$2:$K$740="Switch")*(ISNUMBER(SVB!$F$2:$F$740))*(SVB!$F$2:$F$740))} -> 62 | H11: {=SUMPRODUCT((SVB!$R$2:$R$740>=H80)*(SVB!$R$2:$R$740<=H81)*(SVB!$K$2:$K$740="Switch")*(ISNUMBER(SVB!$F$2:$F$740))*(SVB!$F$2:$F$740))} -> 30 | I11: {=SUMPRODUCT((SVB!$R$2:$R$740>=I80)*(SVB!$R$2:$R$740<=I81)*(SVB!$K$2:$K$740="Switch")*(ISNUMBER(SVB!$F$2:$F$740))*(SVB!$F$2:$F$740))} -> 35 | ... U11: {=SUMPRODUCT((SVB!$R$2:$R$740>=U80)*(SVB!$R$2:$R$740<=U81)*(SVB!$K$2:$K$740="Switch")*(ISNUMBER(SVB!$F$2:$F$740))*(SVB!$F$2:$F$740))} -> 0 | V11: {=SUMPRODUCT((SVB!$B$2:$B$740<>"")*(SVB!$K$2:$K$740="Switch")*(ISNUMBER(SVB!$F$2:$F$740))*(SVB!$F$2:$F$740))} -> 1121
A12: % แผนรายสัปดาห์ (ของ Switch) | B12: =IF(B11=0,"-",B11/$V$11) -> 0.078501338 | C12: =IF(C11=0,"-",C11/$V$11) -> 0.04014273 | D12: =IF(D11=0,"-",D11/$V$11) -> 0.057091882 | E12: =IF(E11=0,"-",E11/$V$11) -> 0.047279215 | F12: =IF(F11=0,"-",F11/$V$11) -> 0.090098127 | G12: =IF(G11=0,"-",G11/$V$11) -> 0.055307761 | H12: =IF(H11=0,"-",H11/$V$11) -> 0.02676182 | I12: =IF(I11=0,"-",I11/$V$11) -> 0.031222123 | ... U12: =IF(U11=0,"-",U11/$V$11) -> - | V12: =SUM(B12:U12) -> 1
A14: ▌ จำนวน AP ที่วางแผนติดตั้ง-Migration (เครื่อง)
A15: จำนวน AP ตามแผน (เครื่อง) | B15: {=SUMPRODUCT((SVB!$R$2:$R$740>=B80)*(SVB!$R$2:$R$740<=B81)*(SVB!$K$2:$K$740="AP")*(ISNUMBER(SVB!$F$2:$F$740))*(SVB!$F$2:$F$740))} -> 43 | C15: {=SUMPRODUCT((SVB!$R$2:$R$740>=C80)*(SVB!$R$2:$R$740<=C81)*(SVB!$K$2:$K$740="AP")*(ISNUMBER(SVB!$F$2:$F$740))*(SVB!$F$2:$F$740))} -> 24 | D15: {=SUMPRODUCT((SVB!$R$2:$R$740>=D80)*(SVB!$R$2:$R$740<=D81)*(SVB!$K$2:$K$740="AP")*(ISNUMBER(SVB!$F$2:$F$740))*(SVB!$F$2:$F$740))} -> 0 | E15: {=SUMPRODUCT((SVB!$R$2:$R$740>=E80)*(SVB!$R$2:$R$740<=E81)*(SVB!$K$2:$K$740="AP")*(ISNUMBER(SVB!$F$2:$F$740))*(SVB!$F$2:$F$740))} -> 0 | F15: {=SUMPRODUCT((SVB!$R$2:$R$740>=F80)*(SVB!$R$2:$R$740<=F81)*(SVB!$K$2:$K$740="AP")*(ISNUMBER(SVB!$F$2:$F$740))*(SVB!$F$2:$F$740))} -> 0 | G15: {=SUMPRODUCT((SVB!$R$2:$R$740>=G80)*(SVB!$R$2:$R$740<=G81)*(SVB!$K$2:$K$740="AP")*(ISNUMBER(SVB!$F$2:$F$740))*(SVB!$F$2:$F$740))} -> 177 | H15: {=SUMPRODUCT((SVB!$R$2:$R$740>=H80)*(SVB!$R$2:$R$740<=H81)*(SVB!$K$2:$K$740="AP")*(ISNUMBER(SVB!$F$2:$F$740))*(SVB!$F$2:$F$740))} -> 19 | I15: {=SUMPRODUCT((SVB!$R$2:$R$740>=I80)*(SVB!$R$2:$R$740<=I81)*(SVB!$K$2:$K$740="AP")*(ISNUMBER(SVB!$F$2:$F$740))*(SVB!$F$2:$F$740))} -> 15 | ... U15: {=SUMPRODUCT((SVB!$R$2:$R$740>=U80)*(SVB!$R$2:$R$740<=U81)*(SVB!$K$2:$K$740="AP")*(ISNUMBER(SVB!$F$2:$F$740))*(SVB!$F$2:$F$740))} -> 0 | V15: {=SUMPRODUCT((SVB!$B$2:$B$740<>"")*(SVB!$K$2:$K$740="AP")*(ISNUMBER(SVB!$F$2:$F$740))*(SVB!$F$2:$F$740))} -> 445
A16: % แผนรายสัปดาห์ (ของ AP) | B16: =IF(B15=0,"-",B15/$V$15) -> 0.096629213 | C16: =IF(C15=0,"-",C15/$V$15) -> 0.053932584 | D16: =IF(D15=0,"-",D15/$V$15) -> - | E16: =IF(E15=0,"-",E15/$V$15) -> - | F16: =IF(F15=0,"-",F15/$V$15) -> - | G16: =IF(G15=0,"-",G15/$V$15) -> 0.39775281 | H16: =IF(H15=0,"-",H15/$V$15) -> 0.042696629 | I16: =IF(I15=0,"-",I15/$V$15) -> 0.033707865 | ... U16: =IF(U15=0,"-",U15/$V$15) -> - | V16: =SUM(B16:U16) -> 1
A18: ▌ Configuration
A19: แผน (เครื่อง) | B19: =B7 -> 153 | C19: =C7 -> 69 | D19: =D7 -> 66 | E19: =E7 -> 53 | F19: =F7 -> 101 | G19: =G7 -> 241 | H19: =H7 -> 49 | I19: =I7 -> 50 | ... V19: =V7 -> 1592
A20: ผลจริง (เครื่อง) | B20: {=SUMPRODUCT((SVB!$S$2:$S$740>=B80)*(SVB!$S$2:$S$740<=B81)*(ISNUMBER(SVB!$M$2:$M$740))*(SVB!$M$2:$M$740))} -> 179 | C20: {=SUMPRODUCT((SVB!$S$2:$S$740>=C80)*(SVB!$S$2:$S$740<=C81)*(ISNUMBER(SVB!$M$2:$M$740))*(SVB!$M$2:$M$740))} -> 45 | D20: {=SUMPRODUCT((SVB!$S$2:$S$740>=D80)*(SVB!$S$2:$S$740<=D81)*(ISNUMBER(SVB!$M$2:$M$740))*(SVB!$M$2:$M$740))} -> 64 | E20: {=SUMPRODUCT((SVB!$S$2:$S$740>=E80)*(SVB!$S$2:$S$740<=E81)*(ISNUMBER(SVB!$M$2:$M$740))*(SVB!$M$2:$M$740))} -> 51 | F20: {=SUMPRODUCT((SVB!$S$2:$S$740>=F80)*(SVB!$S$2:$S$740<=F81)*(ISNUMBER(SVB!$M$2:$M$740))*(SVB!$M$2:$M$740))} -> 120 | G20: {=SUMPRODUCT((SVB!$S$2:$S$740>=G80)*(SVB!$S$2:$S$740<=G81)*(ISNUMBER(SVB!$M$2:$M$740))*(SVB!$M$2:$M$740))} -> 0 | H20: {=SUMPRODUCT((SVB!$S$2:$S$740>=H80)*(SVB!$S$2:$S$740<=H81)*(ISNUMBER(SVB!$M$2:$M$740))*(SVB!$M$2:$M$740))} -> 0 | I20: {=SUMPRODUCT((SVB!$S$2:$S$740>=I80)*(SVB!$S$2:$S$740<=I81)*(ISNUMBER(SVB!$M$2:$M$740))*(SVB!$M$2:$M$740))} -> 0 | ... U20: {=SUMPRODUCT((SVB!$S$2:$S$740>=U80)*(SVB!$S$2:$S$740<=U81)*(ISNUMBER(SVB!$M$2:$M$740))*(SVB!$M$2:$M$740))} -> 0 | V20: =SUM(B20:U20) -> 459
A21: % ความก้าวหน้า Configuration | B21: =IF(B19=0,IF(B20=0,"-","100%"),B20/B19) -> 1.1699346 | C21: =IF(C19=0,IF(C20=0,"-","100%"),C20/C19) -> 0.65217391 | D21: =IF(D19=0,IF(D20=0,"-","100%"),D20/D19) -> 0.96969697 | E21: =IF(E19=0,IF(E20=0,"-","100%"),E20/E19) -> 0.96226415 | F21: =IF(F19=0,IF(F20=0,"-","100%"),F20/F19) -> 1.1881188 | G21: =IF(G19=0,IF(G20=0,"-","100%"),G20/G19) -> 0 | H21: =IF(H19=0,IF(H20=0,"-","100%"),H20/H19) -> 0 | I21: =IF(I19=0,IF(I20=0,"-","100%"),I20/I19) -> 0 | ... U21: =IF(U19=0,IF(U20=0,"-","100%"),U20/U19) -> - | V21: =IF(V19=0,"-",V20/V19) -> 0.28831658
A23: ▌ Installation
A24: แผน (เครื่อง) | B24: =B7 -> 153 | C24: =C7 -> 69 | D24: =D7 -> 66 | E24: =E7 -> 53 | F24: =F7 -> 101 | G24: =G7 -> 241 | H24: =H7 -> 49 | I24: =I7 -> 50 | ... V24: =V7 -> 1592
A25: ผลจริง (เครื่อง) | B25: {=SUMPRODUCT((SVB!$S$2:$S$740>=B80)*(SVB!$S$2:$S$740<=B81)*(ISNUMBER(SVB!$N$2:$N$740))*(SVB!$N$2:$N$740))} -> 179 | C25: {=SUMPRODUCT((SVB!$S$2:$S$740>=C80)*(SVB!$S$2:$S$740<=C81)*(ISNUMBER(SVB!$N$2:$N$740))*(SVB!$N$2:$N$740))} -> 45 | D25: {=SUMPRODUCT((SVB!$S$2:$S$740>=D80)*(SVB!$S$2:$S$740<=D81)*(ISNUMBER(SVB!$N$2:$N$740))*(SVB!$N$2:$N$740))} -> 64 | E25: {=SUMPRODUCT((SVB!$S$2:$S$740>=E80)*(SVB!$S$2:$S$740<=E81)*(ISNUMBER(SVB!$N$2:$N$740))*(SVB!$N$2:$N$740))} -> 51 | F25: {=SUMPRODUCT((SVB!$S$2:$S$740>=F80)*(SVB!$S$2:$S$740<=F81)*(ISNUMBER(SVB!$N$2:$N$740))*(SVB!$N$2:$N$740))} -> 120 | G25: {=SUMPRODUCT((SVB!$S$2:$S$740>=G80)*(SVB!$S$2:$S$740<=G81)*(ISNUMBER(SVB!$N$2:$N$740))*(SVB!$N$2:$N$740))} -> 0 | H25: {=SUMPRODUCT((SVB!$S$2:$S$740>=H80)*(SVB!$S$2:$S$740<=H81)*(ISNUMBER(SVB!$N$2:$N$740))*(SVB!$N$2:$N$740))} -> 0 | I25: {=SUMPRODUCT((SVB!$S$2:$S$740>=I80)*(SVB!$S$2:$S$740<=I81)*(ISNUMBER(SVB!$N$2:$N$740))*(SVB!$N$2:$N$740))} -> 0 | ... U25: {=SUMPRODUCT((SVB!$S$2:$S$740>=U80)*(SVB!$S$2:$S$740<=U81)*(ISNUMBER(SVB!$N$2:$N$740))*(SVB!$N$2:$N$740))} -> 0 | V25: =SUM(B25:U25) -> 459
A26: % ความก้าวหน้า Installation | B26: =IF(B24=0,IF(B25=0,"-","100%"),B25/B24) -> 1.1699346 | C26: =IF(C24=0,IF(C25=0,"-","100%"),C25/C24) -> 0.65217391 | D26: =IF(D24=0,IF(D25=0,"-","100%"),D25/D24) -> 0.96969697 | E26: =IF(E24=0,IF(E25=0,"-","100%"),E25/E24) -> 0.96226415 | F26: =IF(F24=0,IF(F25=0,"-","100%"),F25/F24) -> 1.1881188 | G26: =IF(G24=0,IF(G25=0,"-","100%"),G25/G24) -> 0 | H26: =IF(H24=0,IF(H25=0,"-","100%"),H25/H24) -> 0 | I26: =IF(I24=0,IF(I25=0,"-","100%"),I25/I24) -> 0 | ... U26: =IF(U24=0,IF(U25=0,"-","100%"),U25/U24) -> - | V26: =IF(V24=0,"-",V25/V24) -> 0.28831658
A28: ▌ Migration
A29: แผน (เครื่อง) | B29: =B7 -> 153 | C29: =C7 -> 69 | D29: =D7 -> 66 | E29: =E7 -> 53 | F29: =F7 -> 101 | G29: =G7 -> 241 | H29: =H7 -> 49 | I29: =I7 -> 50 | ... V29: =V7 -> 1592
A30: ผลจริง (เครื่อง) | B30: {=SUMPRODUCT((SVB!$S$2:$S$740>=B80)*(SVB!$S$2:$S$740<=B81)*(ISNUMBER(SVB!$O$2:$O$740))*(SVB!$O$2:$O$740))} -> 179 | C30: {=SUMPRODUCT((SVB!$S$2:$S$740>=C80)*(SVB!$S$2:$S$740<=C81)*(ISNUMBER(SVB!$O$2:$O$740))*(SVB!$O$2:$O$740))} -> 45 | D30: {=SUMPRODUCT((SVB!$S$2:$S$740>=D80)*(SVB!$S$2:$S$740<=D81)*(ISNUMBER(SVB!$O$2:$O$740))*(SVB!$O$2:$O$740))} -> 64 | E30: {=SUMPRODUCT((SVB!$S$2:$S$740>=E80)*(SVB!$S$2:$S$740<=E81)*(ISNUMBER(SVB!$O$2:$O$740))*(SVB!$O$2:$O$740))} -> 51 | F30: {=SUMPRODUCT((SVB!$S$2:$S$740>=F80)*(SVB!$S$2:$S$740<=F81)*(ISNUMBER(SVB!$O$2:$O$740))*(SVB!$O$2:$O$740))} -> 120 | G30: {=SUMPRODUCT((SVB!$S$2:$S$740>=G80)*(SVB!$S$2:$S$740<=G81)*(ISNUMBER(SVB!$O$2:$O$740))*(SVB!$O$2:$O$740))} -> 0 | H30: {=SUMPRODUCT((SVB!$S$2:$S$740>=H80)*(SVB!$S$2:$S$740<=H81)*(ISNUMBER(SVB!$O$2:$O$740))*(SVB!$O$2:$O$740))} -> 0 | I30: {=SUMPRODUCT((SVB!$S$2:$S$740>=I80)*(SVB!$S$2:$S$740<=I81)*(ISNUMBER(SVB!$O$2:$O$740))*(SVB!$O$2:$O$740))} -> 0 | ... U30: {=SUMPRODUCT((SVB!$S$2:$S$740>=U80)*(SVB!$S$2:$S$740<=U81)*(ISNUMBER(SVB!$O$2:$O$740))*(SVB!$O$2:$O$740))} -> 0 | V30: =SUM(B30:U30) -> 459
A31: มากกว่าแผน (เครื่อง) | B31: =MAX(B30-B29,0) -> 26 | C31: =MAX(C30-C29,0) -> 0 | D31: =MAX(D30-D29,0) -> 0 | E31: =MAX(E30-E29,0) -> 0 | F31: =MAX(F30-F29,0) -> 19 | G31: =MAX(G30-G29,0) -> 0 | H31: =MAX(H30-H29,0) -> 0 | I31: =MAX(I30-I29,0) -> 0 | ... V31: =MAX(V30-V29,0) -> 0
A32: ต่ำกว่าแผน (เครื่อง) | B32: =MAX(B29-B30,0) -> 0 | C32: =MAX(C29-C30,0) -> 24 | D32: =MAX(D29-D30,0) -> 2 | E32: =MAX(E29-E30,0) -> 2 | F32: =MAX(F29-F30,0) -> 0 | G32: =MAX(G29-G30,0) -> 241 | H32: =MAX(H29-H30,0) -> 49 | I32: =MAX(I29-I30,0) -> 50 | ... V32: =MAX(V29-V30,0) -> 1133
A33: % ความก้าวหน้า Migration | B33: =IF(B29=0,IF(B30=0,"-","100%"),B30/B29) -> 1.1699346 | C33: =IF(C29=0,IF(C30=0,"-","100%"),C30/C29) -> 0.65217391 | D33: =IF(D29=0,IF(D30=0,"-","100%"),D30/D29) -> 0.96969697 | E33: =IF(E29=0,IF(E30=0,"-","100%"),E30/E29) -> 0.96226415 | F33: =IF(F29=0,IF(F30=0,"-","100%"),F30/F29) -> 1.1881188 | G33: =IF(G29=0,IF(G30=0,"-","100%"),G30/G29) -> 0 | H33: =IF(H29=0,IF(H30=0,"-","100%"),H30/H29) -> 0 | I33: =IF(I29=0,IF(I30=0,"-","100%"),I30/I29) -> 0 | ... U33: =IF(U29=0,IF(U30=0,"-","100%"),U30/U29) -> - | V33: =IF(V29=0,"-",V30/V29) -> 0.28831658
A35: ▌ Migration Switch
A36: แผน Switch (เครื่อง) | B36: =B11 -> 88 | C36: =C11 -> 45 | D36: =D11 -> 64 | E36: =E11 -> 53 | F36: =F11 -> 101 | G36: =G11 -> 62 | H36: =H11 -> 30 | I36: =I11 -> 35 | ... V36: =V11 -> 1121
A37: ผลจริง Switch (เครื่อง) | B37: {=SUMPRODUCT((SVB!$S$2:$S$740>=B80)*(SVB!$S$2:$S$740<=B81)*(SVB!$K$2:$K$740="Switch")*(ISNUMBER(SVB!$O$2:$O$740))*(SVB!$O$2:$O$740))} -> 88 | C37: {=SUMPRODUCT((SVB!$S$2:$S$740>=C80)*(SVB!$S$2:$S$740<=C81)*(SVB!$K$2:$K$740="Switch")*(ISNUMBER(SVB!$O$2:$O$740))*(SVB!$O$2:$O$740))} -> 45 | D37: {=SUMPRODUCT((SVB!$S$2:$S$740>=D80)*(SVB!$S$2:$S$740<=D81)*(SVB!$K$2:$K$740="Switch")*(ISNUMBER(SVB!$O$2:$O$740))*(SVB!$O$2:$O$740))} -> 64 | E37: {=SUMPRODUCT((SVB!$S$2:$S$740>=E80)*(SVB!$S$2:$S$740<=E81)*(SVB!$K$2:$K$740="Switch")*(ISNUMBER(SVB!$O$2:$O$740))*(SVB!$O$2:$O$740))} -> 51 | F37: {=SUMPRODUCT((SVB!$S$2:$S$740>=F80)*(SVB!$S$2:$S$740<=F81)*(SVB!$K$2:$K$740="Switch")*(ISNUMBER(SVB!$O$2:$O$740))*(SVB!$O$2:$O$740))} -> 120 | G37: {=SUMPRODUCT((SVB!$S$2:$S$740>=G80)*(SVB!$S$2:$S$740<=G81)*(SVB!$K$2:$K$740="Switch")*(ISNUMBER(SVB!$O$2:$O$740))*(SVB!$O$2:$O$740))} -> 0 | H37: {=SUMPRODUCT((SVB!$S$2:$S$740>=H80)*(SVB!$S$2:$S$740<=H81)*(SVB!$K$2:$K$740="Switch")*(ISNUMBER(SVB!$O$2:$O$740))*(SVB!$O$2:$O$740))} -> 0 | I37: {=SUMPRODUCT((SVB!$S$2:$S$740>=I80)*(SVB!$S$2:$S$740<=I81)*(SVB!$K$2:$K$740="Switch")*(ISNUMBER(SVB!$O$2:$O$740))*(SVB!$O$2:$O$740))} -> 0 | ... U37: {=SUMPRODUCT((SVB!$S$2:$S$740>=U80)*(SVB!$S$2:$S$740<=U81)*(SVB!$K$2:$K$740="Switch")*(ISNUMBER(SVB!$O$2:$O$740))*(SVB!$O$2:$O$740))} -> 0 | V37: =SUM(B37:U37) -> 368
A38: มากกว่าแผน Switch (เครื่อง) | B38: =MAX(B37-B36,0) -> 0 | C38: =MAX(C37-C36,0) -> 0 | D38: =MAX(D37-D36,0) -> 0 | E38: =MAX(E37-E36,0) -> 0 | F38: =MAX(F37-F36,0) -> 19 | G38: =MAX(G37-G36,0) -> 0 | H38: =MAX(H37-H36,0) -> 0 | I38: =MAX(I37-I36,0) -> 0 | ... V38: =MAX(V37-V36,0) -> 0
A39: ต่ำกว่าแผน Switch (เครื่อง) | B39: =MAX(B36-B37,0) -> 0 | C39: =MAX(C36-C37,0) -> 0 | D39: =MAX(D36-D37,0) -> 0 | E39: =MAX(E36-E37,0) -> 2 | F39: =MAX(F36-F37,0) -> 0 | G39: =MAX(G36-G37,0) -> 62 | H39: =MAX(H36-H37,0) -> 30 | I39: =MAX(I36-I37,0) -> 35 | ... V39: =MAX(V36-V37,0) -> 753
A40: % ความก้าวหน้า Migration ของ Switch | B40: =IF(B36=0,IF(B37=0,"-","100%"),B37/B36) -> 1 | C40: =IF(C36=0,IF(C37=0,"-","100%"),C37/C36) -> 1 | D40: =IF(D36=0,IF(D37=0,"-","100%"),D37/D36) -> 1 | E40: =IF(E36=0,IF(E37=0,"-","100%"),E37/E36) -> 0.96226415 | F40: =IF(F36=0,IF(F37=0,"-","100%"),F37/F36) -> 1.1881188 | G40: =IF(G36=0,IF(G37=0,"-","100%"),G37/G36) -> 0 | H40: =IF(H36=0,IF(H37=0,"-","100%"),H37/H36) -> 0 | I40: =IF(I36=0,IF(I37=0,"-","100%"),I37/I36) -> 0 | ... U40: =IF(U36=0,IF(U37=0,"-","100%"),U37/U36) -> - | V40: =IF(V36=0,"-",V37/V36) -> 0.32827832
A42: ▌ Migration AP
A43: แผน AP (เครื่อง) | B43: =B15 -> 43 | C43: =C15 -> 24 | D43: =D15 -> 0 | E43: =E15 -> 0 | F43: =F15 -> 0 | G43: =G15 -> 177 | H43: =H15 -> 19 | I43: =I15 -> 15 | ... V43: =V15 -> 445
A44: ผลจริง AP (เครื่อง) | B44: {=SUMPRODUCT((SVB!$S$2:$S$740>=B80)*(SVB!$S$2:$S$740<=B81)*(SVB!$K$2:$K$740="AP")*(ISNUMBER(SVB!$O$2:$O$740))*(SVB!$O$2:$O$740))} -> 67 | C44: {=SUMPRODUCT((SVB!$S$2:$S$740>=C80)*(SVB!$S$2:$S$740<=C81)*(SVB!$K$2:$K$740="AP")*(ISNUMBER(SVB!$O$2:$O$740))*(SVB!$O$2:$O$740))} -> 0 | D44: {=SUMPRODUCT((SVB!$S$2:$S$740>=D80)*(SVB!$S$2:$S$740<=D81)*(SVB!$K$2:$K$740="AP")*(ISNUMBER(SVB!$O$2:$O$740))*(SVB!$O$2:$O$740))} -> 0 | E44: {=SUMPRODUCT((SVB!$S$2:$S$740>=E80)*(SVB!$S$2:$S$740<=E81)*(SVB!$K$2:$K$740="AP")*(ISNUMBER(SVB!$O$2:$O$740))*(SVB!$O$2:$O$740))} -> 0 | F44: {=SUMPRODUCT((SVB!$S$2:$S$740>=F80)*(SVB!$S$2:$S$740<=F81)*(SVB!$K$2:$K$740="AP")*(ISNUMBER(SVB!$O$2:$O$740))*(SVB!$O$2:$O$740))} -> 0 | G44: {=SUMPRODUCT((SVB!$S$2:$S$740>=G80)*(SVB!$S$2:$S$740<=G81)*(SVB!$K$2:$K$740="AP")*(ISNUMBER(SVB!$O$2:$O$740))*(SVB!$O$2:$O$740))} -> 0 | H44: {=SUMPRODUCT((SVB!$S$2:$S$740>=H80)*(SVB!$S$2:$S$740<=H81)*(SVB!$K$2:$K$740="AP")*(ISNUMBER(SVB!$O$2:$O$740))*(SVB!$O$2:$O$740))} -> 0 | I44: {=SUMPRODUCT((SVB!$S$2:$S$740>=I80)*(SVB!$S$2:$S$740<=I81)*(SVB!$K$2:$K$740="AP")*(ISNUMBER(SVB!$O$2:$O$740))*(SVB!$O$2:$O$740))} -> 0 | ... U44: {=SUMPRODUCT((SVB!$S$2:$S$740>=U80)*(SVB!$S$2:$S$740<=U81)*(SVB!$K$2:$K$740="AP")*(ISNUMBER(SVB!$O$2:$O$740))*(SVB!$O$2:$O$740))} -> 0 | V44: =SUM(B44:U44) -> 67
A45: มากกว่าแผน AP (เครื่อง) | B45: =MAX(B44-B43,0) -> 24 | C45: =MAX(C44-C43,0) -> 0 | D45: =MAX(D44-D43,0) -> 0 | E45: =MAX(E44-E43,0) -> 0 | F45: =MAX(F44-F43,0) -> 0 | G45: =MAX(G44-G43,0) -> 0 | H45: =MAX(H44-H43,0) -> 0 | I45: =MAX(I44-I43,0) -> 0 | ... V45: =MAX(V44-V43,0) -> 0
A46: ต่ำกว่าแผน AP (เครื่อง) | B46: =MAX(B43-B44,0) -> 0 | C46: =MAX(C43-C44,0) -> 24 | D46: =MAX(D43-D44,0) -> 0 | E46: =MAX(E43-E44,0) -> 0 | F46: =MAX(F43-F44,0) -> 0 | G46: =MAX(G43-G44,0) -> 177 | H46: =MAX(H43-H44,0) -> 19 | I46: =MAX(I43-I44,0) -> 15 | ... V46: =MAX(V43-V44,0) -> 378
A47: % ความก้าวหน้า Migration ของ AP | B47: =IF(B43=0,IF(B44=0,"-","100%"),B44/B43) -> 1.5581395 | C47: =IF(C43=0,IF(C44=0,"-","100%"),C44/C43) -> 0 | D47: =IF(D43=0,IF(D44=0,"-","100%"),D44/D43) -> - | E47: =IF(E43=0,IF(E44=0,"-","100%"),E44/E43) -> - | F47: =IF(F43=0,IF(F44=0,"-","100%"),F44/F43) -> - | G47: =IF(G43=0,IF(G44=0,"-","100%"),G44/G43) -> 0 | H47: =IF(H43=0,IF(H44=0,"-","100%"),H44/H43) -> 0 | I47: =IF(I43=0,IF(I44=0,"-","100%"),I44/I43) -> 0 | ... U47: =IF(U43=0,IF(U44=0,"-","100%"),U44/U43) -> - | V47: =IF(V43=0,"-",V44/V43) -> 0.1505618
A49: ▌ สรุปภาพรวมและความก้าวหน้าสะสม
A50: % ความก้าวหน้าโดยรวม (รายสัปดาห์) | B50: =IF(B7=0,"-",(B20+B25+B30)/(B7*3)) -> 1.1699346 | C50: =IF(C7=0,"-",(C20+C25+C30)/(C7*3)) -> 0.65217391 | D50: =IF(D7=0,"-",(D20+D25+D30)/(D7*3)) -> 0.96969697 | E50: =IF(E7=0,"-",(E20+E25+E30)/(E7*3)) -> 0.96226415 | F50: =IF(F7=0,"-",(F20+F25+F30)/(F7*3)) -> 1.1881188 | G50: =IF(G7=0,"-",(G20+G25+G30)/(G7*3)) -> 0 | H50: =IF(H7=0,"-",(H20+H25+H30)/(H7*3)) -> 0 | I50: =IF(I7=0,"-",(I20+I25+I30)/(I7*3)) -> 0 | ... V50: =IF(V7=0,"-",(V20+V25+V30)/(V7*3)) -> 0.28831658
A52: จำนวนอุปกรณ์สะสมตามแผน (เครื่อง) | B52: =SUM($B7:B7) -> 153 | C52: =SUM($B7:C7) -> 222 | D52: =SUM($B7:D7) -> 288 | E52: =SUM($B7:E7) -> 341 | F52: =SUM($B7:F7) -> 442 | G52: =SUM($B7:G7) -> 683 | H52: =SUM($B7:H7) -> 732 | I52: =SUM($B7:I7) -> 782 | ... U52: =SUM($B7:U7) -> 1592 | V52: =V7 -> 1592
A53: จำนวนที่เสร็จสิ้นสะสม - ผลจริง (เครื่อง) | B53: =SUM($B30:B30) -> 179 | C53: =SUM($B30:C30) -> 224 | D53: =SUM($B30:D30) -> 288 | E53: =SUM($B30:E30) -> 339 | F53: =SUM($B30:F30) -> 459 | G53: =SUM($B30:G30) -> 459 | H53: =SUM($B30:H30) -> 459 | I53: =SUM($B30:I30) -> 459 | ... U53: =SUM($B30:U30) -> 459 | V53: =V30 -> 459
A54: % สะสมผลจริงเทียบเป้าหมายรวม | B54: =IF($V$52=0,"-",B53/$V$52) -> 0.11243719 | C54: =IF($V$52=0,"-",C53/$V$52) -> 0.14070352 | D54: =IF($V$52=0,"-",D53/$V$52) -> 0.18090452 | E54: =IF($V$52=0,"-",E53/$V$52) -> 0.2129397 | F54: =IF($V$52=0,"-",F53/$V$52) -> 0.28831658 | G54: =IF($V$52=0,"-",G53/$V$52) -> 0.28831658 | H54: =IF($V$52=0,"-",H53/$V$52) -> 0.28831658 | I54: =IF($V$52=0,"-",I53/$V$52) -> 0.28831658 | ... U54: =IF($V$52=0,"-",U53/$V$52) -> 0.28831658 | V54: =IF(V7=0,"-",V53/V7) -> 0.28831658
A55: % สะสมตามแผนเทียบเป้าหมายรวม | B55: =IF($V$52=0,"-",B52/$V$52) -> 0.096105528 | C55: =IF($V$52=0,"-",C52/$V$52) -> 0.13944724 | D55: =IF($V$52=0,"-",D52/$V$52) -> 0.18090452 | E55: =IF($V$52=0,"-",E52/$V$52) -> 0.21419598 | F55: =IF($V$52=0,"-",F52/$V$52) -> 0.27763819 | G55: =IF($V$52=0,"-",G52/$V$52) -> 0.4290201 | H55: =IF($V$52=0,"-",H52/$V$52) -> 0.45979899 | I55: =IF($V$52=0,"-",I52/$V$52) -> 0.49120603 | ... U55: =IF($V$52=0,"-",U52/$V$52) -> 1 | V55: =IF(V7=0,"-",V52/V7) -> 1
A57: ▌ สรุปภาพรวมและความก้าวหน้าสะสม Switch
A58: % ความก้าวหน้า Switch (รายสัปดาห์) | B58: =IF(B11=0,"-",(B37)/(B11)) -> 1 | C58: =IF(C11=0,"-",(C37)/(C11)) -> 1 | D58: =IF(D11=0,"-",(D37)/(D11)) -> 1 | E58: =IF(E11=0,"-",(E37)/(E11)) -> 0.96226415 | F58: =IF(F11=0,"-",(F37)/(F11)) -> 1.1881188 | G58: =IF(G11=0,"-",(G37)/(G11)) -> 0 | H58: =IF(H11=0,"-",(H37)/(H11)) -> 0 | I58: =IF(I11=0,"-",(I37)/(I11)) -> 0 | ... V58: =IF(V11=0,"-",(V37)/(V11)) -> 0.32827832
A60: จำนวน Switch สะสมตามแผน (เครื่อง) | B60: =SUM($B11:B11) -> 88 | C60: =SUM($B11:C11) -> 133 | D60: =SUM($B11:D11) -> 197 | E60: =SUM($B11:E11) -> 250 | F60: =SUM($B11:F11) -> 351 | G60: =SUM($B11:G11) -> 413 | H60: =SUM($B11:H11) -> 443 | I60: =SUM($B11:I11) -> 478 | ... U60: =SUM($B11:U11) -> 1121 | V60: =V36 -> 1121
A61: จำนวน Switch ที่เสร็จสิ้นสะสม - ผลจริง (เครื่อง) | B61: =SUM($B37:B37) -> 88 | C61: =SUM($B37:C37) -> 133 | D61: =SUM($B37:D37) -> 197 | E61: =SUM($B37:E37) -> 248 | F61: =SUM($B37:F37) -> 368 | G61: =SUM($B37:G37) -> 368 | H61: =SUM($B37:H37) -> 368 | I61: =SUM($B37:I37) -> 368 | ... U61: =SUM($B37:U37) -> 368 | V61: =V37 -> 368
A62: % สะสมผลจริง Switch เทียบเป้าหมายรวม | B62: =IF($V$60=0,"-",B61/$V$60) -> 0.078501338 | C62: =IF($V$60=0,"-",C61/$V$60) -> 0.11864407 | D62: =IF($V$60=0,"-",D61/$V$60) -> 0.17573595 | E62: =IF($V$60=0,"-",E61/$V$60) -> 0.22123104 | F62: =IF($V$60=0,"-",F61/$V$60) -> 0.32827832 | G62: =IF($V$60=0,"-",G61/$V$60) -> 0.32827832 | H62: =IF($V$60=0,"-",H61/$V$60) -> 0.32827832 | I62: =IF($V$60=0,"-",I61/$V$60) -> 0.32827832 | ... U62: =IF($V$60=0,"-",U61/$V$60) -> 0.32827832 | V62: =IF(V11=0,"-",V61/V11) -> 0.32827832
A63: % สะสม Switch ตามแผนเทียบเป้าหมายรวม | B63: =IF($V$60=0,"-",B60/$V$60) -> 0.078501338 | C63: =IF($V$60=0,"-",C60/$V$60) -> 0.11864407 | D63: =IF($V$60=0,"-",D60/$V$60) -> 0.17573595 | E63: =IF($V$60=0,"-",E60/$V$60) -> 0.22301517 | F63: =IF($V$60=0,"-",F60/$V$60) -> 0.31311329 | G63: =IF($V$60=0,"-",G60/$V$60) -> 0.36842105 | H63: =IF($V$60=0,"-",H60/$V$60) -> 0.39518287 | I63: =IF($V$60=0,"-",I60/$V$60) -> 0.426405 | ... U63: =IF($V$60=0,"-",U60/$V$60) -> 1 | V63: =IF(V60=0,"-",V60/V60) -> 1
A65: ▌ สรุปภาพรวมและความก้าวหน้าสะสม AP
A66: % ความก้าวหน้า AP (รายสัปดาห์) | B66: =IF(B15=0,"-",(B44)/(B15)) -> 1.5581395 | C66: =IF(C15=0,"-",(C44)/(C15)) -> 0 | D66: =IF(D15=0,"-",(D44)/(D15)) -> - | E66: =IF(E15=0,"-",(E44)/(E15)) -> - | F66: =IF(F15=0,"-",(F44)/(F15)) -> - | G66: =IF(G15=0,"-",(G44)/(G15)) -> 0 | H66: =IF(H15=0,"-",(H44)/(H15)) -> 0 | I66: =IF(I15=0,"-",(I44)/(I15)) -> 0 | ... V66: =IF(V15=0,"-",(V44)/(V15)) -> 0.1505618
A68: จำนวน AP สะสมตามแผน (เครื่อง) | B68: =SUM($B15:B15) -> 43 | C68: =SUM($B15:C15) -> 67 | D68: =SUM($B15:D15) -> 67 | E68: =SUM($B15:E15) -> 67 | F68: =SUM($B15:F15) -> 67 | G68: =SUM($B15:G15) -> 244 | H68: =SUM($B15:H15) -> 263 | I68: =SUM($B15:I15) -> 278 | ... U68: =SUM($B15:U15) -> 445 | V68: =V43 -> 445
A69: จำนวน AP ที่เสร็จสิ้นสะสม - ผลจริง (เครื่อง) | B69: =SUM($B44:B44) -> 67 | C69: =SUM($B44:C44) -> 67 | D69: =SUM($B44:D44) -> 67 | E69: =SUM($B44:E44) -> 67 | F69: =SUM($B44:F44) -> 67 | G69: =SUM($B44:G44) -> 67 | H69: =SUM($B44:H44) -> 67 | I69: =SUM($B44:I44) -> 67 | ... U69: =SUM($B44:U44) -> 67 | V69: =V44 -> 67
A70: % สะสมผลจริง AP เทียบเป้าหมายรวม | B70: =IF($V$68=0,"-",B69/$V$68) -> 0.1505618 | C70: =IF($V$68=0,"-",C69/$V$68) -> 0.1505618 | D70: =IF($V$68=0,"-",D69/$V$68) -> 0.1505618 | E70: =IF($V$68=0,"-",E69/$V$68) -> 0.1505618 | F70: =IF($V$68=0,"-",F69/$V$68) -> 0.1505618 | G70: =IF($V$68=0,"-",G69/$V$68) -> 0.1505618 | H70: =IF($V$68=0,"-",H69/$V$68) -> 0.1505618 | I70: =IF($V$68=0,"-",I69/$V$68) -> 0.1505618 | ... U70: =IF($V$68=0,"-",U69/$V$68) -> 0.1505618 | V70: =IF(V15=0,"-",V69/V15) -> 0.1505618
A71: % สะสม AP ตามแผนเทียบเป้าหมายรวม | B71: =IF($V$68=0,"-",B68/$V$68) -> 0.096629213 | C71: =IF($V$68=0,"-",C68/$V$68) -> 0.1505618 | D71: =IF($V$68=0,"-",D68/$V$68) -> 0.1505618 | E71: =IF($V$68=0,"-",E68/$V$68) -> 0.1505618 | F71: =IF($V$68=0,"-",F68/$V$68) -> 0.1505618 | G71: =IF($V$68=0,"-",G68/$V$68) -> 0.54831461 | H71: =IF($V$68=0,"-",H68/$V$68) -> 0.59101124 | I71: =IF($V$68=0,"-",I68/$V$68) -> 0.6247191 | ... V71: =IF($V$68=0,"-",V68/$V$68) -> 1
A73: หมายเหตุ: ทุกตัวเลขคำนวณอัตโนมัติจาก sheet SVB | col F = จำนวน | col Q = วันที่ (Helper) | col L/M/N = Config/Install/Migration
B80: =DATE(2026,2,1) -> 46054 | C80: =DATE(2026,2,21) -> 46074 | D80: =DATE(2026,2,28) -> 46081 | E80: =DATE(2026,3,7) -> 46088 | F80: =DATE(2026,3,14) -> 46095 | G80: =DATE(2026,3,21) -> 46102 | H80: =DATE(2026,3,28) -> 46109 | I80: =DATE(2026,4,4) -> 46116 | J80: =DATE(2026,4,11) -> 46123 | K80: =DATE(2026,4,18) -> 46130 | L80: =DATE(2026,4,25) -> 46137 | M80: =DATE(2026,5,2) -> 46144 | N80: =DATE(2026,5,9) -> 46151 | O80: =DATE(2026,5,16) -> 46158 | P80: =DATE(2026,5,23) -> 46165 | Q80: =DATE(2026,5,30) -> 46172 | R80: =Q80+7 -> 46179 | S80: =R80+7 -> 46186 | T80: =S80+7 -> 46193 | U80: =T80+7 -> 46200
B81: =DATE(2026,2,20) -> 46073 | C81: =DATE(2026,2,27) -> 46080 | D81: =DATE(2026,3,6) -> 46087 | E81: =DATE(2026,3,13) -> 46094 | F81: =DATE(2026,3,20) -> 46101 | G81: =DATE(2026,3,27) -> 46108 | H81: =DATE(2026,4,3) -> 46115 | I81: =DATE(2026,4,10) -> 46122 | J81: =DATE(2026,4,17) -> 46129 | K81: =DATE(2026,4,24) -> 46136 | L81: =DATE(2026,5,1) -> 46143 | M81: =DATE(2026,5,8) -> 46150 | N81: =DATE(2026,5,15) -> 46157 | O81: =DATE(2026,5,22) -> 46164 | P81: =DATE(2026,5,29) -> 46171 | Q81: =P81+7 -> 46178 | R81: =Q81+7 -> 46185 | S81: =R81+7 -> 46192 | T81: =S81+7 -> 46199 | U81: =T81+7 -> 46206

Sheet SVB-รายสัปดาห์ทั้งหมด
A1: สรุปแผนความก้าวหน้ารายสัปดาห์ทั้งหมด - แยกตาม Fabric
A2: ช่วง 14 ก.พ. - 1 มิ.ย. 69 (16 สัปดาห์) | รวมข้อมูล 7 Fabrics | ดึงอัตโนมัติจาก SVB
A4: รายการ | B4: W.1 (14/2-20/2) | C4: W.2 (21/2-27/2) | D4: W.3 (28/2-6/3) | E4: W.4 (7/3-13/3) | F4: W.5 (14/3-20/3) | G4: W.6 (21/3-27/3) | H4: W.7 (28/3-3/4) | I4: W.8 (4/4-10/4) | J4: W.9 (11/4-17/4) | K4: W.10 (18/4-24/4) | L4: W.11 (25/4-1/5) | M4: W.12 (2/5-8/5) | N4: W.13 (9/5-15/5) | O4: W.14 (16/5-22/5) | P4: W.15 (23/5-29/5) | Q4: W.16 (30/5-5/6) | R4: W.17 (6/6-12/6) | S4: W.18 (13/6-19/6) | T4: W.19 (20/6-26/6) | U4: W.20 (27/6-3/7) | V4: รวมทั้งหมด
A6: ▌ Fabric: AMF
A7: จำนวนอุปกรณ์ตามแผน (เครื่อง) | B7: {=SUMPRODUCT((SVB!$R$2:$R$740>=B311)*(SVB!$R$2:$R$740<=B312)*(SVB!$B$2:$B$740="AMF")*(ISNUMBER(SVB!$F$2:$F$740))*(SVB!$F$2:$F$740))} -> 2 | C7: {=SUMPRODUCT((SVB!$R$2:$R$740>=C311)*(SVB!$R$2:$R$740<=C312)*(SVB!$B$2:$B$740="AMF")*(ISNUMBER(SVB!$F$2:$F$740))*(SVB!$F$2:$F$740))} -> 0 | D7: {=SUMPRODUCT((SVB!$R$2:$R$740>=D311)*(SVB!$R$2:$R$740<=D312)*(SVB!$B$2:$B$740="AMF")*(ISNUMBER(SVB!$F$2:$F$740))*(SVB!$F$2:$F$740))} -> 0 | E7: {=SUMPRODUCT((SVB!$R$2:$R$740>=E311)*(SVB!$R$2:$R$740<=E312)*(SVB!$B$2:$B$740="AMF")*(ISNUMBER(SVB!$F$2:$F$740))*(SVB!$F$2:$F$740))} -> 0 | F7: {=SUMPRODUCT((SVB!$R$2:$R$740>=F311)*(SVB!$R$2:$R$740<=F312)*(SVB!$B$2:$B$740="AMF")*(ISNUMBER(SVB!$F$2:$F$740))*(SVB!$F$2:$F$740))} -> 0 | G7: {=SUMPRODUCT((SVB!$R$2:$R$740>=G311)*(SVB!$R$2:$R$740<=G312)*(SVB!$B$2:$B$740="AMF")*(ISNUMBER(SVB!$F$2:$F$740))*(SVB!$F$2:$F$740))} -> 0 | H7: {=SUMPRODUCT((SVB!$R$2:$R$740>=H311)*(SVB!$R$2:$R$740<=H312)*(SVB!$B$2:$B$740="AMF")*(ISNUMBER(SVB!$F$2:$F$740))*(SVB!$F$2:$F$740))} -> 0 | I7: {=SUMPRODUCT((SVB!$R$2:$R$740>=I311)*(SVB!$R$2:$R$740<=I312)*(SVB!$B$2:$B$740="AMF")*(ISNUMBER(SVB!$F$2:$F$740))*(SVB!$F$2:$F$740))} -> 0 | ... U7: {=SUMPRODUCT((SVB!$R$2:$R$740>=U311)*(SVB!$R$2:$R$740<=U312)*(SVB!$B$2:$B$740="AMF")*(ISNUMBER(SVB!$F$2:$F$740))*(SVB!$F$2:$F$740))} -> 0 | V7: {=SUMPRODUCT((SVB!$B$2:$B$740="AMF")*(ISNUMBER(SVB!$F$2:$F$740))*(SVB!$F$2:$F$740))} -> 114
A8: Config ผลจริง | B8: {=SUMPRODUCT((SVB!$S$2:$S$740>=B311)*(SVB!$S$2:$S$740<=B312)*(SVB!$B$2:$B$740="AMF")*(ISNUMBER(SVB!$M$2:$M$740))*(SVB!$M$2:$M$740))} -> 2 | C8: {=SUMPRODUCT((SVB!$S$2:$S$740>=C311)*(SVB!$S$2:$S$740<=C312)*(SVB!$B$2:$B$740="AMF")*(ISNUMBER(SVB!$M$2:$M$740))*(SVB!$M$2:$M$740))} -> 0 | D8: {=SUMPRODUCT((SVB!$S$2:$S$740>=D311)*(SVB!$S$2:$S$740<=D312)*(SVB!$B$2:$B$740="AMF")*(ISNUMBER(SVB!$M$2:$M$740))*(SVB!$M$2:$M$740))} -> 0 | E8: {=SUMPRODUCT((SVB!$S$2:$S$740>=E311)*(SVB!$S$2:$S$740<=E312)*(SVB!$B$2:$B$740="AMF")*(ISNUMBER(SVB!$M$2:$M$740))*(SVB!$M$2:$M$740))} -> 0 | F8: {=SUMPRODUCT((SVB!$S$2:$S$740>=F311)*(SVB!$S$2:$S$740<=F312)*(SVB!$B$2:$B$740="AMF")*(ISNUMBER(SVB!$M$2:$M$740))*(SVB!$M$2:$M$740))} -> 0 | G8: {=SUMPRODUCT((SVB!$S$2:$S$740>=G311)*(SVB!$S$2:$S$740<=G312)*(SVB!$B$2:$B$740="AMF")*(ISNUMBER(SVB!$M$2:$M$740))*(SVB!$M$2:$M$740))} -> 0 | H8: {=SUMPRODUCT((SVB!$S$2:$S$740>=H311)*(SVB!$S$2:$S$740<=H312)*(SVB!$B$2:$B$740="AMF")*(ISNUMBER(SVB!$M$2:$M$740))*(SVB!$M$2:$M$740))} -> 0 | I8: {=SUMPRODUCT((SVB!$S$2:$S$740>=I311)*(SVB!$S$2:$S$740<=I312)*(SVB!$B$2:$B$740="AMF")*(ISNUMBER(SVB!$M$2:$M$740))*(SVB!$M$2:$M$740))} -> 0 | ... U8: {=SUMPRODUCT((SVB!$S$2:$S$740>=U311)*(SVB!$S$2:$S$740<=U312)*(SVB!$B$2:$B$740="AMF")*(ISNUMBER(SVB!$M$2:$M$740))*(SVB!$M$2:$M$740))} -> 0 | V8: =SUM(B8:U8) -> 2
A9: Install ผลจริง | B9: {=SUMPRODUCT((SVB!$S$2:$S$740>=B311)*(SVB!$S$2:$S$740<=B312)*(SVB!$B$2:$B$740="AMF")*(ISNUMBER(SVB!$N$2:$N$740))*(SVB!$N$2:$N$740))} -> 2 | C9: {=SUMPRODUCT((SVB!$S$2:$S$740>=C311)*(SVB!$S$2:$S$740<=C312)*(SVB!$B$2:$B$740="AMF")*(ISNUMBER(SVB!$N$2:$N$740))*(SVB!$N$2:$N$740))} -> 0 | D9: {=SUMPRODUCT((SVB!$S$2:$S$740>=D311)*(SVB!$S$2:$S$740<=D312)*(SVB!$B$2:$B$740="AMF")*(ISNUMBER(SVB!$N$2:$N$740))*(SVB!$N$2:$N$740))} -> 0 | E9: {=SUMPRODUCT((SVB!$S$2:$S$740>=E311)*(SVB!$S$2:$S$740<=E312)*(SVB!$B$2:$B$740="AMF")*(ISNUMBER(SVB!$N$2:$N$740))*(SVB!$N$2:$N$740))} -> 0 | F9: {=SUMPRODUCT((SVB!$S$2:$S$740>=F311)*(SVB!$S$2:$S$740<=F312)*(SVB!$B$2:$B$740="AMF")*(ISNUMBER(SVB!$N$2:$N$740))*(SVB!$N$2:$N$740))} -> 0 | G9: {=SUMPRODUCT((SVB!$S$2:$S$740>=G311)*(SVB!$S$2:$S$740<=G312)*(SVB!$B$2:$B$740="AMF")*(ISNUMBER(SVB!$N$2:$N$740))*(SVB!$N$2:$N$740))} -> 0 | H9: {=SUMPRODUCT((SVB!$S$2:$S$740>=H311)*(SVB!$S$2:$S$740<=H312)*(SVB!$B$2:$B$740="AMF")*(ISNUMBER(SVB!$N$2:$N$740))*(SVB!$N$2:$N$740))} -> 0 | I9: {=SUMPRODUCT((SVB!$S$2:$S$740>=I311)*(SVB!$S$2:$S$740<=I312)*(SVB!$B$2:$B$740="AMF")*(ISNUMBER(SVB!$N$2:$N$740))*(SVB!$N$2:$N$740))} -> 0 | ... U9: {=SUMPRODUCT((SVB!$S$2:$S$740>=U311)*(SVB!$S$2:$S$740<=U312)*(SVB!$B$2:$B$740="AMF")*(ISNUMBER(SVB!$N$2:$N$740))*(SVB!$N$2:$N$740))} -> 0 | V9: =SUM(B9:U9) -> 2
